year,geography,modelrun_id,modelrun_alias,county,jobs_office,job_spaces_office,job_spaces_office_vacant,job_spaces_office_vacant_percent,jobs,job_spaces,job_spaces_vacant,job_spaces_vacant_percent
2023,county,PBA50Plus_NoProject/PBA50Plus_NoProject_v38,2050 No Project,Alameda,443645.2,557679.2,114034.0,0.2044795645955596,896644.0,1261570.6,364924.0,0.28926165527319675
2023,county,PBA50Plus_NoProject/PBA50Plus_NoProject_v38,2050 No Project,Contra Costa,201315.2,254498.2,53183.0,0.20897200844642516,414308.0,546623.8,132317.0,0.2420622739075759
2023,county,PBA50Plus_NoProject/PBA50Plus_NoProject_v38,2050 No Project,Marin,79428.6,94160.6,14732.0,0.15645609734857255,127546.0,148776.0,21232.0,0.14271118997687798
2023,county,PBA50Plus_NoProject/PBA50Plus_NoProject_v38,2050 No Project,Napa,6647.8,9976.8,3329.0,0.3336741239676049,67012.0,96325.4,29313.0,0.3043122582413362
2023,county,PBA50Plus_NoProject/PBA50Plus_NoProject_v38,2050 No Project,San Francisco,505439.39999999997,645806.4,140367.0,0.21735151587224902,740334.0,987019.7999999999,246695.0,0.24993926160346533
2023,county,PBA50Plus_NoProject/PBA50Plus_NoProject_v38,2050 No Project,San Mateo,237111.4,337146.39999999997,100035.0,0.29671086507226535,416085.0,538629.0,122549.0,0.22752024120498526
2023,county,PBA50Plus_NoProject/PBA50Plus_NoProject_v38,2050 No Project,Santa Clara,511778.4,738283.4,226505.0,0.30679952982824754,1107401.0,1514004.6,406622.0,0.2685738207136226
2023,county,PBA50Plus_NoProject/PBA50Plus_NoProject_v38,2050 No Project,Solano,33577.4,43821.4,10244.0,0.23376706358080754,126588.0,169900.8,43309.0,0.2549075695935511
2023,county,PBA50Plus_NoProject/PBA50Plus_NoProject_v38,2050 No Project,Sonoma,120652.59999999999,162447.6,41795.0,0.2572829638603463,215792.0,279650.8,63859.0,0.22835264551361914
2023,county,PBA50Plus_NoProject/PBA50Plus_NoProject_v38,2050 No Project,Region,2139596.0,2843820.0,704224.0,0.2476331132068837,4111710.0,5542500.8,1430820.0,0.25815422525514115
2050,county,PBA50Plus_NoProject/PBA50Plus_NoProject_v38,2050 No Project,Alameda,634667.0,659795.0,25128.0,0.03808455656681242,1138747.0,1356697.0,217950.0,0.16064751377794748
2050,county,PBA50Plus_NoProject/PBA50Plus_NoProject_v38,2050 No Project,Contra Costa,292966.0,310940.0,17974.0,0.057805364378979866,527821.0,613205.0,85384.0,0.13924217839058717
2050,county,PBA50Plus_NoProject/PBA50Plus_NoProject_v38,2050 No Project,Marin,96866.0,102091.0,5225.0,0.05117982975972417,136769.0,148656.0,11887.0,0.07996313636852868
2050,county,PBA50Plus_NoProject/PBA50Plus_NoProject_v38,2050 No Project,Napa,9790.0,11770.0,1980.0,0.16822429906542055,75145.0,99882.0,24737.0,0.24766224144490498
2050,county,PBA50Plus_NoProject/PBA50Plus_NoProject_v38,2050 No Project,San Francisco,780725.0,802976.0,22251.0,0.02771066632128482,985911.0,1148121.0,162210.0,0.1412830180791049
2050,county,PBA50Plus_NoProject/PBA50Plus_NoProject_v38,2050 No Project,San Mateo,412812.0,424824.0,12012.0,0.028275238687079825,587581.0,625083.0,37502.0,0.05999523263310633
2050,county,PBA50Plus_NoProject/PBA50Plus_NoProject_v38,2050 No Project,Santa Clara,876199.0,919984.0,43785.0,0.047593219012504566,1565517.0,1727695.0,162178.0,0.09386957767430015
2050,county,PBA50Plus_NoProject/PBA50Plus_NoProject_v38,2050 No Project,Solano,46462.0,52741.0,6279.0,0.11905348779886615,149281.0,183733.0,34452.0,0.1875112255283482
2050,county,PBA50Plus_NoProject/PBA50Plus_NoProject_v38,2050 No Project,Sonoma,167080.0,191635.0,24555.0,0.12813421347874868,268620.0,309808.0,41188.0,0.13294685740845943
2050,county,PBA50Plus_NoProject/PBA50Plus_NoProject_v38,2050 No Project,Region,3317567.0,3476756.0,159189.0,0.04578664709286473,5435392.0,6212880.0,777488.0,0.1251413193237275
2023,county,PBA50Plus_DraftBlueprint/PBA50Plus_Draft_Blueprint_v8_znupd_nodevfix,2050 Draft Blueprint,Alameda,443645.2,557679.2,114034.0,0.2044795645955596,896644.0,1261570.6,364924.0,0.28926165527319675
2023,county,PBA50Plus_DraftBlueprint/PBA50Plus_Draft_Blueprint_v8_znupd_nodevfix,2050 Draft Blueprint,Contra Costa,201315.2,254498.2,53183.0,0.20897200844642516,414308.0,546623.8,132317.0,0.2420622739075759
2023,county,PBA50Plus_DraftBlueprint/PBA50Plus_Draft_Blueprint_v8_znupd_nodevfix,2050 Draft Blueprint,Marin,79428.6,94160.6,14732.0,0.15645609734857255,127546.0,148776.0,21232.0,0.14271118997687798
2023,county,PBA50Plus_DraftBlueprint/PBA50Plus_Draft_Blueprint_v8_znupd_nodevfix,2050 Draft Blueprint,Napa,6647.8,9976.8,3329.0,0.3336741239676049,67012.0,96325.4,29313.0,0.3043122582413362
2023,county,PBA50Plus_DraftBlueprint/PBA50Plus_Draft_Blueprint_v8_znupd_nodevfix,2050 Draft Blueprint,San Francisco,505439.39999999997,645806.4,140367.0,0.21735151587224902,740334.0,987019.7999999999,246695.0,0.24993926160346533
2023,county,PBA50Plus_DraftBlueprint/PBA50Plus_Draft_Blueprint_v8_znupd_nodevfix,2050 Draft Blueprint,San Mateo,237111.4,337146.39999999997,100035.0,0.29671086507226535,416085.0,538629.0,122549.0,0.22752024120498526
2023,county,PBA50Plus_DraftBlueprint/PBA50Plus_Draft_Blueprint_v8_znupd_nodevfix,2050 Draft Blueprint,Santa Clara,511778.4,738283.4,226505.0,0.30679952982824754,1107401.0,1514004.6,406622.0,0.2685738207136226
2023,county,PBA50Plus_DraftBlueprint/PBA50Plus_Draft_Blueprint_v8_znupd_nodevfix,2050 Draft Blueprint,Solano,33577.4,43821.4,10244.0,0.23376706358080754,126588.0,169900.8,43309.0,0.2549075695935511
2023,county,PBA50Plus_DraftBlueprint/PBA50Plus_Draft_Blueprint_v8_znupd_nodevfix,2050 Draft Blueprint,Sonoma,120652.59999999999,162447.6,41795.0,0.2572829638603463,215792.0,279650.8,63859.0,0.22835264551361914
2023,county,PBA50Plus_DraftBlueprint/PBA50Plus_Draft_Blueprint_v8_znupd_nodevfix,2050 Draft Blueprint,Region,2139596.0,2843820.0,704224.0,0.2476331132068837,4111710.0,5542500.8,1430820.0,0.25815422525514115
2050,county,PBA50Plus_DraftBlueprint/PBA50Plus_Draft_Blueprint_v8_znupd_nodevfix,2050 Draft Blueprint,Alameda,609822.0,650620.0,40798.0,0.06270634164335556,1070052.0,1290277.0,220225.0,0.1706804042852814
2050,county,PBA50Plus_DraftBlueprint/PBA50Plus_Draft_Blueprint_v8_znupd_nodevfix,2050 Draft Blueprint,Contra Costa,277647.0,306347.0,28700.0,0.09368461254720954,497124.0,603120.0,105996.0,0.17574612017508953
2050,county,PBA50Plus_DraftBlueprint/PBA50Plus_Draft_Blueprint_v8_znupd_nodevfix,2050 Draft Blueprint,Marin,85371.0,94405.0,9034.0,0.09569408399978814,122363.0,141899.0,19536.0,0.13767538883290228
2050,county,PBA50Plus_DraftBlueprint/PBA50Plus_Draft_Blueprint_v8_znupd_nodevfix,2050 Draft Blueprint,Napa,9288.0,11499.0,2211.0,0.19227758935559613,64405.0,87169.0,22764.0,0.2611478851426539
2050,county,PBA50Plus_DraftBlueprint/PBA50Plus_Draft_Blueprint_v8_znupd_nodevfix,2050 Draft Blueprint,San Francisco,770056.0,786305.0,16249.0,0.020665009124957872,964074.0,1089469.0,125395.0,0.11509735476640455
2050,county,PBA50Plus_DraftBlueprint/PBA50Plus_Draft_Blueprint_v8_znupd_nodevfix,2050 Draft Blueprint,San Mateo,447498.0,466507.0,19009.0,0.040747512899056176,618750.0,670318.0,51568.0,0.07693065082542913
2050,county,PBA50Plus_DraftBlueprint/PBA50Plus_Draft_Blueprint_v8_znupd_nodevfix,2050 Draft Blueprint,Santa Clara,973093.0,1026627.0,53534.0,0.05214552120682585,1664893.0,1863691.0,198798.0,0.10666897033896713
2050,county,PBA50Plus_DraftBlueprint/PBA50Plus_Draft_Blueprint_v8_znupd_nodevfix,2050 Draft Blueprint,Solano,40678.0,48098.0,7420.0,0.15426836874714125,151347.0,214060.0,62713.0,0.29296926095487247
2050,county,PBA50Plus_DraftBlueprint/PBA50Plus_Draft_Blueprint_v8_znupd_nodevfix,2050 Draft Blueprint,Sonoma,181129.0,213382.0,32253.0,0.1511514560740831,282368.0,336102.0,53734.0,0.15987408584298815
2050,county,PBA50Plus_DraftBlueprint/PBA50Plus_Draft_Blueprint_v8_znupd_nodevfix,2050 Draft Blueprint,Region,3394582.0,3603790.0,209208.0,0.058052217249062794,5435376.0,6296105.0,860729.0,0.13670817116296505
2023,county,PBA50Plus_FinalBlueprint/PBA50Plus_Final_Blueprint_v65,2050 Final Blueprint,Alameda,443645.2,557679.2,114034.0,0.2044795645955596,896644.0,1261570.6,364924.0,0.28926165527319675
2023,county,PBA50Plus_FinalBlueprint/PBA50Plus_Final_Blueprint_v65,2050 Final Blueprint,Contra Costa,201315.2,254498.2,53183.0,0.20897200844642516,414308.0,546623.8,132317.0,0.2420622739075759
2023,county,PBA50Plus_FinalBlueprint/PBA50Plus_Final_Blueprint_v65,2050 Final Blueprint,Marin,79428.6,94160.6,14732.0,0.15645609734857255,127546.0,148776.0,21232.0,0.14271118997687798
2023,county,PBA50Plus_FinalBlueprint/PBA50Plus_Final_Blueprint_v65,2050 Final Blueprint,Napa,6647.8,9976.8,3329.0,0.3336741239676049,67012.0,96325.4,29313.0,0.3043122582413362
2023,county,PBA50Plus_FinalBlueprint/PBA50Plus_Final_Blueprint_v65,2050 Final Blueprint,San Francisco,505439.39999999997,645806.4,140367.0,0.21735151587224902,740334.0,987019.7999999999,246695.0,0.24993926160346533
2023,county,PBA50Plus_FinalBlueprint/PBA50Plus_Final_Blueprint_v65,2050 Final Blueprint,San Mateo,237111.4,337146.39999999997,100035.0,0.29671086507226535,416085.0,538629.0,122549.0,0.22752024120498526
2023,county,PBA50Plus_FinalBlueprint/PBA50Plus_Final_Blueprint_v65,2050 Final Blueprint,Santa Clara,511778.4,738283.4,226505.0,0.30679952982824754,1107401.0,1514004.6,406622.0,0.2685738207136226
2023,county,PBA50Plus_FinalBlueprint/PBA50Plus_Final_Blueprint_v65,2050 Final Blueprint,Solano,33577.4,43821.4,10244.0,0.23376706358080754,126588.0,169900.8,43309.0,0.2549075695935511
2023,county,PBA50Plus_FinalBlueprint/PBA50Plus_Final_Blueprint_v65,2050 Final Blueprint,Sonoma,120652.59999999999,162447.6,41795.0,0.2572829638603463,215792.0,279650.8,63859.0,0.22835264551361914
2023,county,PBA50Plus_FinalBlueprint/PBA50Plus_Final_Blueprint_v65,2050 Final Blueprint,Region,2139596.0,2843820.0,704224.0,0.2476331132068837,4111710.0,5542500.8,1430820.0,0.25815422525514115
2050,county,PBA50Plus_FinalBlueprint/PBA50Plus_Final_Blueprint_v65,2050 Final Blueprint,Alameda,618416.0,637887.0,19471.0,0.030524215103929067,1108622.0,1311366.0,202744.0,0.15460519793863803
2050,county,PBA50Plus_FinalBlueprint/PBA50Plus_Final_Blueprint_v65,2050 Final Blueprint,Contra Costa,293172.0,310279.0,17107.0,0.05513425014261358,526047.0,617428.0,91381.0,0.14800268209410652
2050,county,PBA50Plus_FinalBlueprint/PBA50Plus_Final_Blueprint_v65,2050 Final Blueprint,Marin,90426.0,95543.0,5117.0,0.05355703714557843,127760.0,140883.0,13123.0,0.0931482151856505
2050,county,PBA50Plus_FinalBlueprint/PBA50Plus_Final_Blueprint_v65,2050 Final Blueprint,Napa,9185.0,10777.0,1592.0,0.1477220005567412,72459.0,96623.0,24164.0,0.2500853833973278
2050,county,PBA50Plus_FinalBlueprint/PBA50Plus_Final_Blueprint_v65,2050 Final Blueprint,San Francisco,729339.0,741371.0,12032.0,0.016229391222478354,959510.0,1060453.0,100943.0,0.09518856564128726
2050,county,PBA50Plus_FinalBlueprint/PBA50Plus_Final_Blueprint_v65,2050 Final Blueprint,San Mateo,414953.0,425414.0,10461.0,0.02459016393442623,592834.0,620710.0,27876.0,0.04490986128788001
2050,county,PBA50Plus_FinalBlueprint/PBA50Plus_Final_Blueprint_v65,2050 Final Blueprint,Santa Clara,910534.0,948293.0,37759.0,0.03981786220081768,1620400.0,1767894.0,147494.0,0.08342921012232633
2050,county,PBA50Plus_FinalBlueprint/PBA50Plus_Final_Blueprint_v65,2050 Final Blueprint,Solano,47934.0,53869.0,5935.0,0.11017468302734411,159516.0,202193.0,42677.0,0.21107061075309233
2050,county,PBA50Plus_FinalBlueprint/PBA50Plus_Final_Blueprint_v65,2050 Final Blueprint,Sonoma,165622.0,190447.0,24825.0,0.13035122632543436,268245.0,313131.0,44886.0,0.14334575624898205
2050,county,PBA50Plus_FinalBlueprint/PBA50Plus_Final_Blueprint_v65,2050 Final Blueprint,Region,3279581.0,3413880.0,134299.0,0.03933910975195379,5435393.0,6130681.0,695288.0,0.1134112181012191
2023,county,PBA50Plus_FinalBlueprint/PBA50Plus_Final_Blueprint_v65_exog_p92,2050 Final Blueprint,Alameda,443645.2,557679.2,114034.0,0.2044795645955596,896644.0,1261570.6,364924.0,0.28926165527319675
2023,county,PBA50Plus_FinalBlueprint/PBA50Plus_Final_Blueprint_v65_exog_p92,2050 Final Blueprint,Contra Costa,201315.2,254498.2,53183.0,0.20897200844642516,414308.0,546623.8,132317.0,0.2420622739075759
2023,county,PBA50Plus_FinalBlueprint/PBA50Plus_Final_Blueprint_v65_exog_p92,2050 Final Blueprint,Marin,79428.6,94160.6,14732.0,0.15645609734857255,127546.0,148776.0,21232.0,0.14271118997687798
2023,county,PBA50Plus_FinalBlueprint/PBA50Plus_Final_Blueprint_v65_exog_p92,2050 Final Blueprint,Napa,6647.8,9976.8,3329.0,0.3336741239676049,67012.0,96325.4,29313.0,0.3043122582413362
2023,county,PBA50Plus_FinalBlueprint/PBA50Plus_Final_Blueprint_v65_exog_p92,2050 Final Blueprint,San Francisco,505439.39999999997,645806.4,140367.0,0.21735151587224902,740334.0,987019.7999999999,246695.0,0.24993926160346533
2023,county,PBA50Plus_FinalBlueprint/PBA50Plus_Final_Blueprint_v65_exog_p92,2050 Final Blueprint,San Mateo,237111.4,337146.39999999997,100035.0,0.29671086507226535,416085.0,538629.0,122549.0,0.22752024120498526
2023,county,PBA50Plus_FinalBlueprint/PBA50Plus_Final_Blueprint_v65_exog_p92,2050 Final Blueprint,Santa Clara,511778.4,738283.4,226505.0,0.30679952982824754,1107401.0,1514004.6,406622.0,0.2685738207136226
2023,county,PBA50Plus_FinalBlueprint/PBA50Plus_Final_Blueprint_v65_exog_p92,2050 Final Blueprint,Solano,33577.4,43821.4,10244.0,0.23376706358080754,126588.0,169900.8,43309.0,0.2549075695935511
2023,county,PBA50Plus_FinalBlueprint/PBA50Plus_Final_Blueprint_v65_exog_p92,2050 Final Blueprint,Sonoma,120652.59999999999,162447.6,41795.0,0.2572829638603463,215792.0,279650.8,63859.0,0.22835264551361914
2023,county,PBA50Plus_FinalBlueprint/PBA50Plus_Final_Blueprint_v65_exog_p92,2050 Final Blueprint,Region,2139596.0,2843820.0,704224.0,0.2476331132068837,4111710.0,5542500.8,1430820.0,0.25815422525514115
2050,county,PBA50Plus_FinalBlueprint/PBA50Plus_Final_Blueprint_v65_exog_p92,2050 Final Blueprint,Alameda,587363.0,588434.0,1071.0,0.001820085175227808,1115651.0,1259939.0,144288.0,0.11451982992827431
2050,county,PBA50Plus_FinalBlueprint/PBA50Plus_Final_Blueprint_v65_exog_p92,2050 Final Blueprint,Contra Costa,283456.0,285599.0,2143.0,0.007503527673416223,538304.0,592005.0,53701.0,0.0907103825136612
2050,county,PBA50Plus_FinalBlueprint/PBA50Plus_Final_Blueprint_v65_exog_p92,2050 Final Blueprint,Marin,87052.0,87466.0,414.0,0.004733267784053232,126025.0,132407.0,6382.0,0.04819986858700824
2050,county,PBA50Plus_FinalBlueprint/PBA50Plus_Final_Blueprint_v65_exog_p92,2050 Final Blueprint,Napa,9796.0,10235.0,439.0,0.04289203712750366,80055.0,96602.0,16547.0,0.1712904494730958
2050,county,PBA50Plus_FinalBlueprint/PBA50Plus_Final_Blueprint_v65_exog_p92,2050 Final Blueprint,San Francisco,685857.0,686066.0,209.0,0.0003046354140855253,926050.0,1001075.0,75025.0,0.0749444347326624
2050,county,PBA50Plus_FinalBlueprint/PBA50Plus_Final_Blueprint_v65_exog_p92,2050 Final Blueprint,San Mateo,393753.0,393999.0,246.0,0.0006243670669214896,571489.0,586826.0,15337.0,0.026135515467958136
2050,county,PBA50Plus_FinalBlueprint/PBA50Plus_Final_Blueprint_v65_exog_p92,2050 Final Blueprint,Santa Clara,869800.0,873278.0,3478.0,0.003982695086787942,1620507.0,1692000.0,71493.0,0.04225354609929078
2050,county,PBA50Plus_FinalBlueprint/PBA50Plus_Final_Blueprint_v65_exog_p92,2050 Final Blueprint,Solano,48762.0,49947.0,1185.0,0.023725148657577032,177403.0,198019.0,20616.0,0.10411122165044769
2050,county,PBA50Plus_FinalBlueprint/PBA50Plus_Final_Blueprint_v65_exog_p92,2050 Final Blueprint,Sonoma,169881.0,176570.0,6689.0,0.037882992580846125,279912.0,298545.0,18633.0,0.06241270160277345
2050,county,PBA50Plus_FinalBlueprint/PBA50Plus_Final_Blueprint_v65_exog_p92,2050 Final Blueprint,Region,3135720.0,3151594.0,15874.0,0.005036816290423195,5435396.0,5857418.0,422022.0,0.07204915203251672
2023,county,PBA50Plus_FinalBlueprint/PBA50Plus_Final_Blueprint_v69,2050 Final Blueprint,Alameda,443645.2,557679.2,114034.0,0.2044795645955596,896644.0,1261570.6,364924.0,0.28926165527319675
2023,county,PBA50Plus_FinalBlueprint/PBA50Plus_Final_Blueprint_v69,2050 Final Blueprint,Contra Costa,201315.2,254498.2,53183.0,0.20897200844642516,414308.0,546623.8,132317.0,0.2420622739075759
2023,county,PBA50Plus_FinalBlueprint/PBA50Plus_Final_Blueprint_v69,2050 Final Blueprint,Marin,79428.6,94160.6,14732.0,0.15645609734857255,127546.0,148776.0,21232.0,0.14271118997687798
2023,county,PBA50Plus_FinalBlueprint/PBA50Plus_Final_Blueprint_v69,2050 Final Blueprint,Napa,6647.8,9976.8,3329.0,0.3336741239676049,67012.0,96325.4,29313.0,0.3043122582413362
2023,county,PBA50Plus_FinalBlueprint/PBA50Plus_Final_Blueprint_v69,2050 Final Blueprint,San Francisco,505439.39999999997,645806.4,140367.0,0.21735151587224902,740334.0,987019.7999999999,246695.0,0.24993926160346533
2023,county,PBA50Plus_FinalBlueprint/PBA50Plus_Final_Blueprint_v69,2050 Final Blueprint,San Mateo,237111.4,337146.39999999997,100035.0,0.29671086507226535,416085.0,538629.0,122549.0,0.22752024120498526
2023,county,PBA50Plus_FinalBlueprint/PBA50Plus_Final_Blueprint_v69,2050 Final Blueprint,Santa Clara,511778.4,738283.4,226505.0,0.30679952982824754,1107401.0,1514004.6,406622.0,0.2685738207136226
2023,county,PBA50Plus_FinalBlueprint/PBA50Plus_Final_Blueprint_v69,2050 Final Blueprint,Solano,33577.4,43821.4,10244.0,0.23376706358080754,126588.0,169900.8,43309.0,0.2549075695935511
2023,county,PBA50Plus_FinalBlueprint/PBA50Plus_Final_Blueprint_v69,2050 Final Blueprint,Sonoma,120652.59999999999,162447.6,41795.0,0.2572829638603463,215792.0,279650.8,63859.0,0.22835264551361914
2023,county,PBA50Plus_FinalBlueprint/PBA50Plus_Final_Blueprint_v69,2050 Final Blueprint,Region,2139596.0,2843820.0,704224.0,0.2476331132068837,4111710.0,5542500.8,1430820.0,0.25815422525514115
2050,county,PBA50Plus_FinalBlueprint/PBA50Plus_Final_Blueprint_v69,2050 Final Blueprint,Alameda,639998.0,691023.0,51025.0,0.07383979983300122,1136342.0,1420424.0,284082.0,0.1999980287576104
2050,county,PBA50Plus_FinalBlueprint/PBA50Plus_Final_Blueprint_v69,2050 Final Blueprint,Contra Costa,299301.0,335922.0,36621.0,0.10901637880222194,533621.0,665099.0,131478.0,0.1976818488676122
2050,county,PBA50Plus_FinalBlueprint/PBA50Plus_Final_Blueprint_v69,2050 Final Blueprint,Marin,97090.0,108749.0,11659.0,0.10721018124304592,140378.0,162271.0,21893.0,0.13491628202204953
2050,county,PBA50Plus_FinalBlueprint/PBA50Plus_Final_Blueprint_v69,2050 Final Blueprint,Napa,9202.0,12033.0,2831.0,0.23526967506025098,70865.0,102100.0,31235.0,0.30592556317335945
2050,county,PBA50Plus_FinalBlueprint/PBA50Plus_Final_Blueprint_v69,2050 Final Blueprint,San Francisco,783551.0,820983.0,37432.0,0.04559412314262293,1023530.0,1176565.0,153035.0,0.130069311937717
2050,county,PBA50Plus_FinalBlueprint/PBA50Plus_Final_Blueprint_v69,2050 Final Blueprint,San Mateo,421568.0,450367.0,28799.0,0.06394562656677776,598239.0,658287.0,60048.0,0.09121857183872688
2050,county,PBA50Plus_FinalBlueprint/PBA50Plus_Final_Blueprint_v69,2050 Final Blueprint,Santa Clara,859911.0,950730.0,90819.0,0.09552554352970875,1542452.0,1790076.0,247624.0,0.13833155687244564
2050,county,PBA50Plus_FinalBlueprint/PBA50Plus_Final_Blueprint_v69,2050 Final Blueprint,Solano,43401.0,54008.0,10607.0,0.19639683009924455,143342.0,201892.0,58550.0,0.2900065381491094
2050,county,PBA50Plus_FinalBlueprint/PBA50Plus_Final_Blueprint_v69,2050 Final Blueprint,Sonoma,149054.0,189419.0,40365.0,0.21309900273995744,246638.0,311069.0,64431.0,0.20712767906798812
2050,county,PBA50Plus_FinalBlueprint/PBA50Plus_Final_Blueprint_v69,2050 Final Blueprint,Region,3303076.0,3613234.0,310158.0,0.08583944466370017,5435407.0,6487783.0,1052376.0,0.16220887782467447
2023,county,PBA50Plus_FinalBlueprint/PBA50Plus_Final_Blueprint_v69_no_ubi,2050 Final Blueprint,Alameda,443645.2,557679.2,114034.0,0.2044795645955596,896644.0,1261570.6,364924.0,0.28926165527319675
2023,county,PBA50Plus_FinalBlueprint/PBA50Plus_Final_Blueprint_v69_no_ubi,2050 Final Blueprint,Contra Costa,201315.2,254498.2,53183.0,0.20897200844642516,414308.0,546623.8,132317.0,0.2420622739075759
2023,county,PBA50Plus_FinalBlueprint/PBA50Plus_Final_Blueprint_v69_no_ubi,2050 Final Blueprint,Marin,79428.6,94160.6,14732.0,0.15645609734857255,127546.0,148776.0,21232.0,0.14271118997687798
2023,county,PBA50Plus_FinalBlueprint/PBA50Plus_Final_Blueprint_v69_no_ubi,2050 Final Blueprint,Napa,6647.8,9976.8,3329.0,0.3336741239676049,67012.0,96325.4,29313.0,0.3043122582413362
2023,county,PBA50Plus_FinalBlueprint/PBA50Plus_Final_Blueprint_v69_no_ubi,2050 Final Blueprint,San Francisco,505439.39999999997,645806.4,140367.0,0.21735151587224902,740334.0,987019.7999999999,246695.0,0.24993926160346533
2023,county,PBA50Plus_FinalBlueprint/PBA50Plus_Final_Blueprint_v69_no_ubi,2050 Final Blueprint,San Mateo,237111.4,337146.39999999997,100035.0,0.29671086507226535,416085.0,538629.0,122549.0,0.22752024120498526
2023,county,PBA50Plus_FinalBlueprint/PBA50Plus_Final_Blueprint_v69_no_ubi,2050 Final Blueprint,Santa Clara,511778.4,738283.4,226505.0,0.30679952982824754,1107401.0,1514004.6,406622.0,0.2685738207136226
2023,county,PBA50Plus_FinalBlueprint/PBA50Plus_Final_Blueprint_v69_no_ubi,2050 Final Blueprint,Solano,33577.4,43821.4,10244.0,0.23376706358080754,126588.0,169900.8,43309.0,0.2549075695935511
2023,county,PBA50Plus_FinalBlueprint/PBA50Plus_Final_Blueprint_v69_no_ubi,2050 Final Blueprint,Sonoma,120652.59999999999,162447.6,41795.0,0.2572829638603463,215792.0,279650.8,63859.0,0.22835264551361914
2023,county,PBA50Plus_FinalBlueprint/PBA50Plus_Final_Blueprint_v69_no_ubi,2050 Final Blueprint,Region,2139596.0,2843820.0,704224.0,0.2476331132068837,4111710.0,5542500.8,1430820.0,0.25815422525514115
2050,county,PBA50Plus_FinalBlueprint/PBA50Plus_Final_Blueprint_v69_no_ubi,2050 Final Blueprint,Alameda,637637.0,688598.0,50961.0,0.07400689516960549,1131385.0,1417377.0,285992.0,0.2017755332561485
2050,county,PBA50Plus_FinalBlueprint/PBA50Plus_Final_Blueprint_v69_no_ubi,2050 Final Blueprint,Contra Costa,298279.0,334517.0,36238.0,0.10832932257553428,532773.0,662645.0,129872.0,0.19599031155445223
2050,county,PBA50Plus_FinalBlueprint/PBA50Plus_Final_Blueprint_v69_no_ubi,2050 Final Blueprint,Marin,95358.0,106827.0,11469.0,0.10736049875031593,139397.0,160833.0,21436.0,0.133281105245814
2050,county,PBA50Plus_FinalBlueprint/PBA50Plus_Final_Blueprint_v69_no_ubi,2050 Final Blueprint,Napa,8977.0,11761.0,2784.0,0.23671456508800273,70928.0,101393.0,30465.0,0.3004645291095046
2050,county,PBA50Plus_FinalBlueprint/PBA50Plus_Final_Blueprint_v69_no_ubi,2050 Final Blueprint,San Francisco,784322.0,822428.0,38106.0,0.04633353922775003,1025610.0,1176738.0,151128.0,0.12842960795011293
2050,county,PBA50Plus_FinalBlueprint/PBA50Plus_Final_Blueprint_v69_no_ubi,2050 Final Blueprint,San Mateo,419561.0,448346.0,28785.0,0.06420264706275956,604118.0,657747.0,53629.0,0.08153438936247524
2050,county,PBA50Plus_FinalBlueprint/PBA50Plus_Final_Blueprint_v69_no_ubi,2050 Final Blueprint,Santa Clara,856411.0,946204.0,89793.0,0.09489814035873871,1539810.0,1787119.0,247309.0,0.1383841814674904
2050,county,PBA50Plus_FinalBlueprint/PBA50Plus_Final_Blueprint_v69_no_ubi,2050 Final Blueprint,Solano,43607.0,54078.0,10471.0,0.193627722918747,143488.0,201425.0,57937.0,0.28763559637582226
2050,county,PBA50Plus_FinalBlueprint/PBA50Plus_Final_Blueprint_v69_no_ubi,2050 Final Blueprint,Sonoma,149819.0,189359.0,39540.0,0.20880972121737018,247893.0,311929.0,64036.0,0.2052903064479417
2050,county,PBA50Plus_FinalBlueprint/PBA50Plus_Final_Blueprint_v69_no_ubi,2050 Final Blueprint,Region,3293971.0,3602118.0,308147.0,0.08554605929067288,5435402.0,6477206.0,1041804.0,0.1608415727398511
2023,county,PBA50Plus_FinalBlueprint/PBA50Plus_Final_Blueprint_v65,2050 EIR Alt1,Alameda,443645.2,557679.2,114034.0,0.2044795645955596,896644.0,1261570.6,364924.0,0.28926165527319675
2023,county,PBA50Plus_FinalBlueprint/PBA50Plus_Final_Blueprint_v65,2050 EIR Alt1,Contra Costa,201315.2,254498.2,53183.0,0.20897200844642516,414308.0,546623.8,132317.0,0.2420622739075759
2023,county,PBA50Plus_FinalBlueprint/PBA50Plus_Final_Blueprint_v65,2050 EIR Alt1,Marin,79428.6,94160.6,14732.0,0.15645609734857255,127546.0,148776.0,21232.0,0.14271118997687798
2023,county,PBA50Plus_FinalBlueprint/PBA50Plus_Final_Blueprint_v65,2050 EIR Alt1,Napa,6647.8,9976.8,3329.0,0.3336741239676049,67012.0,96325.4,29313.0,0.3043122582413362
2023,county,PBA50Plus_FinalBlueprint/PBA50Plus_Final_Blueprint_v65,2050 EIR Alt1,San Francisco,505439.39999999997,645806.4,140367.0,0.21735151587224902,740334.0,987019.7999999999,246695.0,0.24993926160346533
2023,county,PBA50Plus_FinalBlueprint/PBA50Plus_Final_Blueprint_v65,2050 EIR Alt1,San Mateo,237111.4,337146.39999999997,100035.0,0.29671086507226535,416085.0,538629.0,122549.0,0.22752024120498526
2023,county,PBA50Plus_FinalBlueprint/PBA50Plus_Final_Blueprint_v65,2050 EIR Alt1,Santa Clara,511778.4,738283.4,226505.0,0.30679952982824754,1107401.0,1514004.6,406622.0,0.2685738207136226
2023,county,PBA50Plus_FinalBlueprint/PBA50Plus_Final_Blueprint_v65,2050 EIR Alt1,Solano,33577.4,43821.4,10244.0,0.23376706358080754,126588.0,169900.8,43309.0,0.2549075695935511
2023,county,PBA50Plus_FinalBlueprint/PBA50Plus_Final_Blueprint_v65,2050 EIR Alt1,Sonoma,120652.59999999999,162447.6,41795.0,0.2572829638603463,215792.0,279650.8,63859.0,0.22835264551361914
2023,county,PBA50Plus_FinalBlueprint/PBA50Plus_Final_Blueprint_v65,2050 EIR Alt1,Region,2139596.0,2843820.0,704224.0,0.2476331132068837,4111710.0,5542500.8,1430820.0,0.25815422525514115
2050,county,PBA50Plus_FinalBlueprint/PBA50Plus_Final_Blueprint_v65,2050 EIR Alt1,Alameda,618416.0,637887.0,19471.0,0.030524215103929067,1108622.0,1311366.0,202744.0,0.15460519793863803
2050,county,PBA50Plus_FinalBlueprint/PBA50Plus_Final_Blueprint_v65,2050 EIR Alt1,Contra Costa,293172.0,310279.0,17107.0,0.05513425014261358,526047.0,617428.0,91381.0,0.14800268209410652
2050,county,PBA50Plus_FinalBlueprint/PBA50Plus_Final_Blueprint_v65,2050 EIR Alt1,Marin,90426.0,95543.0,5117.0,0.05355703714557843,127760.0,140883.0,13123.0,0.0931482151856505
2050,county,PBA50Plus_FinalBlueprint/PBA50Plus_Final_Blueprint_v65,2050 EIR Alt1,Napa,9185.0,10777.0,1592.0,0.1477220005567412,72459.0,96623.0,24164.0,0.2500853833973278
2050,county,PBA50Plus_FinalBlueprint/PBA50Plus_Final_Blueprint_v65,2050 EIR Alt1,San Francisco,729339.0,741371.0,12032.0,0.016229391222478354,959510.0,1060453.0,100943.0,0.09518856564128726
2050,county,PBA50Plus_FinalBlueprint/PBA50Plus_Final_Blueprint_v65,2050 EIR Alt1,San Mateo,414953.0,425414.0,10461.0,0.02459016393442623,592834.0,620710.0,27876.0,0.04490986128788001
2050,county,PBA50Plus_FinalBlueprint/PBA50Plus_Final_Blueprint_v65,2050 EIR Alt1,Santa Clara,910534.0,948293.0,37759.0,0.03981786220081768,1620400.0,1767894.0,147494.0,0.08342921012232633
2050,county,PBA50Plus_FinalBlueprint/PBA50Plus_Final_Blueprint_v65,2050 EIR Alt1,Solano,47934.0,53869.0,5935.0,0.11017468302734411,159516.0,202193.0,42677.0,0.21107061075309233
2050,county,PBA50Plus_FinalBlueprint/PBA50Plus_Final_Blueprint_v65,2050 EIR Alt1,Sonoma,165622.0,190447.0,24825.0,0.13035122632543436,268245.0,313131.0,44886.0,0.14334575624898205
2050,county,PBA50Plus_FinalBlueprint/PBA50Plus_Final_Blueprint_v65,2050 EIR Alt1,Region,3279581.0,3413880.0,134299.0,0.03933910975195379,5435393.0,6130681.0,695288.0,0.1134112181012191
2023,county,PBA50Plus_EIR/PBA50Plus_EIR_Alt2_Var4_v1,2050 EIR Alt2,Alameda,443645.2,557679.2,114034.0,0.2044795645955596,896644.0,1261570.6,364924.0,0.28926165527319675
2023,county,PBA50Plus_EIR/PBA50Plus_EIR_Alt2_Var4_v1,2050 EIR Alt2,Contra Costa,201315.2,254498.2,53183.0,0.20897200844642516,414308.0,546623.8,132317.0,0.2420622739075759
2023,county,PBA50Plus_EIR/PBA50Plus_EIR_Alt2_Var4_v1,2050 EIR Alt2,Marin,79428.6,94160.6,14732.0,0.15645609734857255,127546.0,148776.0,21232.0,0.14271118997687798
2023,county,PBA50Plus_EIR/PBA50Plus_EIR_Alt2_Var4_v1,2050 EIR Alt2,Napa,6647.8,9976.8,3329.0,0.3336741239676049,67012.0,96325.4,29313.0,0.3043122582413362
2023,county,PBA50Plus_EIR/PBA50Plus_EIR_Alt2_Var4_v1,2050 EIR Alt2,San Francisco,505439.39999999997,645806.4,140367.0,0.21735151587224902,740334.0,987019.7999999999,246695.0,0.24993926160346533
2023,county,PBA50Plus_EIR/PBA50Plus_EIR_Alt2_Var4_v1,2050 EIR Alt2,San Mateo,237111.4,337146.39999999997,100035.0,0.29671086507226535,416085.0,538629.0,122549.0,0.22752024120498526
2023,county,PBA50Plus_EIR/PBA50Plus_EIR_Alt2_Var4_v1,2050 EIR Alt2,Santa Clara,511778.4,738283.4,226505.0,0.30679952982824754,1107401.0,1514004.6,406622.0,0.2685738207136226
2023,county,PBA50Plus_EIR/PBA50Plus_EIR_Alt2_Var4_v1,2050 EIR Alt2,Solano,33577.4,43821.4,10244.0,0.23376706358080754,126588.0,169900.8,43309.0,0.2549075695935511
2023,county,PBA50Plus_EIR/PBA50Plus_EIR_Alt2_Var4_v1,2050 EIR Alt2,Sonoma,120652.59999999999,162447.6,41795.0,0.2572829638603463,215792.0,279650.8,63859.0,0.22835264551361914
2023,county,PBA50Plus_EIR/PBA50Plus_EIR_Alt2_Var4_v1,2050 EIR Alt2,Region,2139596.0,2843820.0,704224.0,0.2476331132068837,4111710.0,5542500.8,1430820.0,0.25815422525514115
2050,county,PBA50Plus_EIR/PBA50Plus_EIR_Alt2_Var4_v1,2050 EIR Alt2,Alameda,623346.0,658629.0,35283.0,0.053570371180133275,1116850.0,1360877.0,244027.0,0.1793159852065984
2050,county,PBA50Plus_EIR/PBA50Plus_EIR_Alt2_Var4_v1,2050 EIR Alt2,Contra Costa,300317.0,327994.0,27677.0,0.08438264114587463,532851.0,644804.0,111953.0,0.17362330258497155
2050,county,PBA50Plus_EIR/PBA50Plus_EIR_Alt2_Var4_v1,2050 EIR Alt2,Marin,90724.0,99400.0,8676.0,0.08728370221327968,131355.0,148608.0,17253.0,0.11609738372093023
2050,county,PBA50Plus_EIR/PBA50Plus_EIR_Alt2_Var4_v1,2050 EIR Alt2,Napa,9083.0,11331.0,2248.0,0.19839378695613802,71717.0,99793.0,28076.0,0.2813423787239586
2050,county,PBA50Plus_EIR/PBA50Plus_EIR_Alt2_Var4_v1,2050 EIR Alt2,San Francisco,733411.0,757140.0,23729.0,0.03134030694455451,967109.0,1075673.0,108564.0,0.10092658270682633
2050,county,PBA50Plus_EIR/PBA50Plus_EIR_Alt2_Var4_v1,2050 EIR Alt2,San Mateo,426673.0,446532.0,19859.0,0.04447385629697312,601708.0,643207.0,41499.0,0.06451888738773054
2050,county,PBA50Plus_EIR/PBA50Plus_EIR_Alt2_Var4_v1,2050 EIR Alt2,Santa Clara,910569.0,976313.0,65744.0,0.0673390603218435,1604927.0,1802647.0,197720.0,0.10968314927992003
2050,county,PBA50Plus_EIR/PBA50Plus_EIR_Alt2_Var4_v1,2050 EIR Alt2,Solano,45684.0,54075.0,8391.0,0.15517337031900139,150386.0,202429.0,52043.0,0.2570926102485316
2050,county,PBA50Plus_EIR/PBA50Plus_EIR_Alt2_Var4_v1,2050 EIR Alt2,Sonoma,158973.0,192818.0,33845.0,0.1755282183198664,258480.0,314830.0,56350.0,0.1789854842295842
2050,county,PBA50Plus_EIR/PBA50Plus_EIR_Alt2_Var4_v1,2050 EIR Alt2,Region,3298780.0,3524232.0,225452.0,0.06397195190327992,5435383.0,6292868.0,857485.0,0.1362629885133456
