modelrun_id,modelrun_alias,geography,area_detail,year,jobs,job_spaces,job_spaces_vacant,job_spaces_vacant_percent,jobs_office,job_spaces_office,job_spaces_office_vacant,job_spaces_office_vacant_percent
PBA50Plus_NoProject/PBA50Plus_NoProject_v38,No Project,misc area types,HRA,2023,1383409.0,2076300.6,1384519.4000000006,0.666820305306467,796915.0,419589.9999999999,26427.599999999995,0.06298434185752759
PBA50Plus_NoProject/PBA50Plus_NoProject_v38,No Project,misc area types,TRA,2023,1971425.0,2017280.9999999998,1000567.3999999999,0.4959980290301649,1112302.0,620779.4,58216.0,0.09377888505965243
PBA50Plus_NoProject/PBA50Plus_NoProject_v38,No Project,misc area types,HRAandTRA,2023,584581.0,687986.9999999999,388201.7999999999,0.5642574641672008,313437.0,170461.2,11774.2,0.06907261007196945
PBA50Plus_NoProject/PBA50Plus_NoProject_v38,No Project,misc area types,GG,2023,2868491.0,2824707.9999999995,1352955.1999999995,0.4789717025618222,1528501.0,843711.6,76266.00000000001,0.09039344723955439
PBA50Plus_NoProject/PBA50Plus_NoProject_v38,No Project,misc area types,nonGG,2023,1232078.0,2671733.2,2039423.5999999996,0.7633335544132923,620779.0,350531.7999999999,31856.00000000001,0.09087905861893278
PBA50Plus_NoProject/PBA50Plus_NoProject_v38,No Project,misc area types,PBA50GG,2023,2466810.0,2382918.7999999993,1123354.7999999993,0.4714196723782613,1411331.0,775354.9999999999,68238.20000000001,0.08800897653332992
PBA50Plus_NoProject/PBA50Plus_NoProject_v38,No Project,misc area types,PBA50nonGG,2023,1633759.0,3113522.4,2269023.9999999986,0.7287643088740903,737949.0,418888.4000000002,39883.79999999999,0.09521342677429112
PBA50Plus_NoProject/PBA50Plus_NoProject_v38,No Project,misc area types,GG_nonPDA,2023,898814.0,1165100.6,701952.2000000002,0.6024820517644572,410065.0,223933.80000000002,16229.199999999995,0.07247320413443613
PBA50Plus_NoProject/PBA50Plus_NoProject_v38,No Project,misc area types,PDA,2023,1969677.0,1659607.4000000001,651003.0000000001,0.3922632545504437,1118436.0,619777.7999999999,60036.80000000002,0.09686826472326053
PBA50Plus_NoProject/PBA50Plus_NoProject_v38,No Project,misc area types,EPC_18,2023,1072315.0,1028850.4,470869.60000000003,0.4576657597644906,586428.0,329596.79999999993,33137.0,0.10053799066010352
PBA50Plus_NoProject/PBA50Plus_NoProject_v38,No Project,misc area types,nonEPC_18,2023,3028254.0,4467590.8,2921509.199999999,0.653933927878981,1562852.0,864646.5999999996,74984.99999999999,0.08672329249892385
PBA50Plus_NoProject/PBA50Plus_NoProject_v38,No Project,misc area types,EPC_22,2023,945850.0,911872.4,423362.39999999997,0.46427811610484093,519526.0,286464.39999999997,29687.000000000004,0.10363242343551243
PBA50Plus_NoProject/PBA50Plus_NoProject_v38,No Project,misc area types,nonEPC_22,2023,3154719.0,4584568.800000001,2969016.4,0.6476108287435886,1629754.0,907778.9999999998,78435.00000000003,0.0864031884412396
PBA50Plus_NoProject/PBA50Plus_NoProject_v38,No Project,misc area types,PPA,2023,247669.0,148414.4,18535.0,0.12488680343686327,48015.0,23072.800000000003,362.80000000000007,0.015724142713498146
PBA50Plus_NoProject/PBA50Plus_NoProject_v38,No Project,misc area types,Region,2023,4100569.0,5496441.200000002,3392378.800000001,0.6171955046112383,2149280.0,1194243.3999999997,108121.99999999991,0.09053598286580436
PBA50Plus_NoProject/PBA50Plus_NoProject_v38,No Project,misc area types,TOC,2023,1791192.0,1680274.5999999999,765794.1999999997,0.4557553866493011,1059367.0,590176.6000000001,60810.4,0.10303763314235094
PBA50Plus_NoProject/PBA50Plus_NoProject_v38,No Project,misc area types,nonTOC,2023,2309377.0,3816166.600000001,2626584.600000001,0.6882782842866452,1089913.0,604066.8,47311.6,0.07832180149612591
PBA50Plus_NoProject/PBA50Plus_NoProject_v38,No Project,misc area types,HRA,2050,1765849.0,1999930.0,259539.0,0.1297740420914732,1191525.0,1228580.0,46410.0,0.03777531784661967
PBA50Plus_NoProject/PBA50Plus_NoProject_v38,No Project,misc area types,TRA,2050,2670101.0,3025357.0,381034.0,0.1259467890896843,1800025.0,1852919.0,64856.0,0.035002069707310464
PBA50Plus_NoProject/PBA50Plus_NoProject_v38,No Project,misc area types,HRAandTRA,2050,781093.0,879661.0,104829.0,0.1191697710822692,517582.0,530484.0,18372.0,0.03463252426086366
PBA50Plus_NoProject/PBA50Plus_NoProject_v38,No Project,misc area types,GG,2050,3863497.0,4348888.0,523474.0,0.12036962092378557,2449344.0,2519739.0,90308.0,0.03584021995928943
PBA50Plus_NoProject/PBA50Plus_NoProject_v38,No Project,misc area types,nonGG,2050,1572122.0,1863992.0,326142.0,0.17496963506281143,953099.0,1012076.0,65841.0,0.06505539109711128
PBA50Plus_NoProject/PBA50Plus_NoProject_v38,No Project,misc area types,PBA50GG,2050,3354929.0,3764919.0,443825.0,0.11788434226606204,2277202.0,2341499.0,81859.0,0.034960083262901245
PBA50Plus_NoProject/PBA50Plus_NoProject_v38,No Project,misc area types,PBA50nonGG,2050,2080690.0,2447961.0,405791.0,0.16576693828047098,1125241.0,1190316.0,74290.0,0.062411998158472204
PBA50Plus_NoProject/PBA50Plus_NoProject_v38,No Project,misc area types,GG_nonPDA,2050,1177296.0,1315272.0,148832.0,0.11315682231508008,632530.0,651643.0,25792.0,0.03957995405459738
PBA50Plus_NoProject/PBA50Plus_NoProject_v38,No Project,misc area types,PDA,2050,2686201.0,3033616.0,374642.0,0.12349684337107926,1816814.0,1868096.0,64516.0,0.03453569837952653
PBA50Plus_NoProject/PBA50Plus_NoProject_v38,No Project,misc area types,EPC_18,2050,1429505.0,1620740.0,204666.0,0.12627935387539024,925649.0,958026.0,37174.0,0.03880270472826416
PBA50Plus_NoProject/PBA50Plus_NoProject_v38,No Project,misc area types,nonEPC_18,2050,4006114.0,4592140.0,644950.0,0.14044650206657464,2476794.0,2573789.0,118975.0,0.04622562300173014
PBA50Plus_NoProject/PBA50Plus_NoProject_v38,No Project,misc area types,EPC_22,2050,1218262.0,1399904.0,194103.0,0.13865450773767343,768275.0,798995.0,33265.0,0.0416335521498883
PBA50Plus_NoProject/PBA50Plus_NoProject_v38,No Project,misc area types,nonEPC_22,2050,4217357.0,4812976.0,655513.0,0.1361970223828251,2634168.0,2732820.0,122884.0,0.044966005810847406
PBA50Plus_NoProject/PBA50Plus_NoProject_v38,No Project,misc area types,PPA,2050,321301.0,366713.0,47183.0,0.12866465055779316,74005.0,73041.0,2396.0,0.0328034939280678
PBA50Plus_NoProject/PBA50Plus_NoProject_v38,No Project,misc area types,Region,2050,5435619.0,6212880.0,849616.0,0.13675075005472503,3402443.0,3531815.0,156149.0,0.04421211190280352
PBA50Plus_NoProject/PBA50Plus_NoProject_v38,No Project,misc area types,TOC,2050,2443778.0,2763708.0,345537.0,0.12502659470537408,1715031.0,1760082.0,57197.0,0.0324967813999575
PBA50Plus_NoProject/PBA50Plus_NoProject_v38,No Project,misc area types,nonTOC,2050,2991841.0,3449172.0,504079.0,0.14614492985562913,1687412.0,1771733.0,98952.0,0.055850401838200225
PBA50Plus_DraftBlueprint/PBA50Plus_Draft_Blueprint_v8_znupd_nodevfix,Draft Blueprint,misc area types,HRA,2023,1383409.0,2115293.799999999,1415305.0000000007,0.6690819970256621,796904.0,426333.5999999999,25851.599999999995,0.060637022275513826
PBA50Plus_DraftBlueprint/PBA50Plus_Draft_Blueprint_v8_znupd_nodevfix,Draft Blueprint,misc area types,TRA,2023,1971425.0,2070045.1999999993,1041256.2000000002,0.5030113352114246,1112246.0,629092.6000000001,54804.60000000001,0.08711690457016981
PBA50Plus_DraftBlueprint/PBA50Plus_Draft_Blueprint_v8_znupd_nodevfix,Draft Blueprint,misc area types,HRAandTRA,2023,584581.0,753124.3999999999,449920.6,0.5974054219993404,313437.0,174841.6,13385.400000000005,0.07655729528899304
PBA50Plus_DraftBlueprint/PBA50Plus_Draft_Blueprint_v8_znupd_nodevfix,Draft Blueprint,misc area types,GG,2023,2868491.0,2854340.2,1365805.6000000006,0.47850133631583247,1528445.0,854376.2000000001,70931.8,0.08302174147641285
PBA50Plus_DraftBlueprint/PBA50Plus_Draft_Blueprint_v8_znupd_nodevfix,Draft Blueprint,misc area types,nonGG,2023,1232078.0,2714777.599999999,2077973.3999999992,0.765430435259227,620767.0,356124.6,32284.0,0.09065366447586042
PBA50Plus_DraftBlueprint/PBA50Plus_Draft_Blueprint_v8_znupd_nodevfix,Draft Blueprint,misc area types,PBA50GG,2023,2466810.0,2416024.400000001,1140183.4000000001,0.4719254490972855,1411275.0,787959.9999999998,65089.200000000004,0.0826047007462308
PBA50Plus_DraftBlueprint/PBA50Plus_Draft_Blueprint_v8_znupd_nodevfix,Draft Blueprint,misc area types,PBA50nonGG,2023,1633759.0,3153093.3999999994,2303595.6,0.7305827350372813,737937.0,422540.8000000002,38126.59999999999,0.09023175986792274
PBA50Plus_DraftBlueprint/PBA50Plus_Draft_Blueprint_v8_znupd_nodevfix,Draft Blueprint,misc area types,GG_nonPDA,2023,898814.0,1173575.0,707351.4000000001,0.6027321645399741,410009.0,225548.19999999998,15208.999999999996,0.06743126302936578
PBA50Plus_DraftBlueprint/PBA50Plus_Draft_Blueprint_v8_znupd_nodevfix,Draft Blueprint,misc area types,PDA,2023,1969677.0,1680765.1999999997,658454.2,0.3917585871006849,1118436.0,628827.9999999999,55722.80000000001,0.08861373857398211
PBA50Plus_DraftBlueprint/PBA50Plus_Draft_Blueprint_v8_znupd_nodevfix,Draft Blueprint,misc area types,EPC_18,2023,1072315.0,1127524.0000000005,562917.4,0.49925092503574187,586428.0,338411.0,34408.8,0.10167754594265553
PBA50Plus_DraftBlueprint/PBA50Plus_Draft_Blueprint_v8_znupd_nodevfix,Draft Blueprint,misc area types,nonEPC_18,2023,3028254.0,4441593.799999996,2880861.6,0.6486098751308601,1562784.0,872089.7999999991,68807.00000000003,0.0788989849439818
PBA50Plus_DraftBlueprint/PBA50Plus_Draft_Blueprint_v8_znupd_nodevfix,Draft Blueprint,misc area types,EPC_22,2023,945850.0,964608.7999999998,469396.2,0.4866182021146812,519520.0,293200.2,29263.399999999998,0.09980688962695113
PBA50Plus_DraftBlueprint/PBA50Plus_Draft_Blueprint_v8_znupd_nodevfix,Draft Blueprint,misc area types,nonEPC_22,2023,3154719.0,4604509.0,2974382.7999999993,0.6459717637646054,1629692.0,917300.5999999997,73952.40000000002,0.08061959187642528
PBA50Plus_DraftBlueprint/PBA50Plus_Draft_Blueprint_v8_znupd_nodevfix,Draft Blueprint,misc area types,PPA,2023,247669.0,147190.40000000002,16139.800000000001,0.10965253168684913,48015.0,24074.2,431.0,0.01790298327670286
PBA50Plus_DraftBlueprint/PBA50Plus_Draft_Blueprint_v8_znupd_nodevfix,Draft Blueprint,misc area types,Region,2023,4100569.0,5569117.799999999,3443778.9999999995,0.618370651093069,2149212.0,1210500.7999999998,103215.79999999999,0.08526702336751864
PBA50Plus_DraftBlueprint/PBA50Plus_Draft_Blueprint_v8_znupd_nodevfix,Draft Blueprint,misc area types,TOC,2023,1791192.0,1736951.1999999995,809433.7999999999,0.4660083714499291,1059311.0,596039.6,53854.600000000006,0.09035406372328283
PBA50Plus_DraftBlueprint/PBA50Plus_Draft_Blueprint_v8_znupd_nodevfix,Draft Blueprint,misc area types,nonTOC,2023,2309377.0,3832166.6,2634345.200000001,0.687429716651672,1089901.0,614461.2000000001,49361.2,0.08033249292225447
PBA50Plus_DraftBlueprint/PBA50Plus_Draft_Blueprint_v8_znupd_nodevfix,Draft Blueprint,misc area types,HRA,2050,1771182.0,2022304.0,278138.0,0.13753520736743832,1221047.0,1277908.0,66150.0,0.05176428976107826
PBA50Plus_DraftBlueprint/PBA50Plus_Draft_Blueprint_v8_znupd_nodevfix,Draft Blueprint,misc area types,TRA,2050,2594584.0,2938266.0,373594.0,0.1271477803575306,1798794.0,1856713.0,74637.0,0.04019845824314259
PBA50Plus_DraftBlueprint/PBA50Plus_Draft_Blueprint_v8_znupd_nodevfix,Draft Blueprint,misc area types,HRAandTRA,2050,758994.0,861803.0,109177.0,0.12668440467252956,510494.0,529020.0,24084.0,0.0455256890098673
PBA50Plus_DraftBlueprint/PBA50Plus_Draft_Blueprint_v8_znupd_nodevfix,Draft Blueprint,misc area types,GG,2050,3817330.0,4352918.0,579031.0,0.13302134338390936,2479657.0,2564058.0,113348.0,0.044206488308766806
PBA50Plus_DraftBlueprint/PBA50Plus_Draft_Blueprint_v8_znupd_nodevfix,Draft Blueprint,misc area types,nonGG,2050,1618289.0,1943187.0,358113.0,0.18429157873122864,1015119.0,1099508.0,91189.0,0.08293618600319416
PBA50Plus_DraftBlueprint/PBA50Plus_Draft_Blueprint_v8_znupd_nodevfix,Draft Blueprint,misc area types,PBA50GG,2050,3273527.0,3692673.0,458542.0,0.12417617265325145,2294131.0,2374111.0,102191.0,0.04304390148565084
PBA50Plus_DraftBlueprint/PBA50Plus_Draft_Blueprint_v8_znupd_nodevfix,Draft Blueprint,misc area types,PBA50nonGG,2050,2162092.0,2603432.0,478602.0,0.18383503006800253,1200645.0,1289455.0,102346.0,0.07937151742402798
PBA50Plus_DraftBlueprint/PBA50Plus_Draft_Blueprint_v8_znupd_nodevfix,Draft Blueprint,misc area types,GG_nonPDA,2050,1212375.0,1409036.0,206649.0,0.14665984403521273,661658.0,688920.0,38192.0,0.05543749637113163
PBA50Plus_DraftBlueprint/PBA50Plus_Draft_Blueprint_v8_znupd_nodevfix,Draft Blueprint,misc area types,PDA,2050,2604955.0,2943882.0,372382.0,0.12649352113977394,1817999.0,1875138.0,75156.0,0.04008025009359311
PBA50Plus_DraftBlueprint/PBA50Plus_Draft_Blueprint_v8_znupd_nodevfix,Draft Blueprint,misc area types,EPC_18,2050,1398815.0,1595812.0,213108.0,0.1335420463062065,941235.0,979036.0,47997.0,0.04902475496304528
PBA50Plus_DraftBlueprint/PBA50Plus_Draft_Blueprint_v8_znupd_nodevfix,Draft Blueprint,misc area types,nonEPC_18,2050,4036804.0,4700293.0,724036.0,0.15404060980879278,2553541.0,2684530.0,156540.0,0.058311883271932145
PBA50Plus_DraftBlueprint/PBA50Plus_Draft_Blueprint_v8_znupd_nodevfix,Draft Blueprint,misc area types,EPC_22,2050,1166864.0,1345636.0,193161.0,0.14354624876266686,763397.0,796505.0,40098.0,0.050342433506381
PBA50Plus_DraftBlueprint/PBA50Plus_Draft_Blueprint_v8_znupd_nodevfix,Draft Blueprint,misc area types,nonEPC_22,2050,4268755.0,4950469.0,743983.0,0.15028535680154748,2731379.0,2867061.0,164439.0,0.057354552274960315
PBA50Plus_DraftBlueprint/PBA50Plus_Draft_Blueprint_v8_znupd_nodevfix,Draft Blueprint,misc area types,PPA,2050,350951.0,430302.0,81039.0,0.18833052135476944,85856.0,81913.0,3549.0,0.04332645611807649
PBA50Plus_DraftBlueprint/PBA50Plus_Draft_Blueprint_v8_znupd_nodevfix,Draft Blueprint,misc area types,Region,2050,5435619.0,6296105.0,937144.0,0.1488450399095949,3494776.0,3663566.0,204537.0,0.055830030085441344
PBA50Plus_DraftBlueprint/PBA50Plus_Draft_Blueprint_v8_znupd_nodevfix,Draft Blueprint,misc area types,TOC,2050,2367996.0,2667791.0,329124.0,0.12336948434116465,1705640.0,1751797.0,62853.0,0.03587915723111753
PBA50Plus_DraftBlueprint/PBA50Plus_Draft_Blueprint_v8_znupd_nodevfix,Draft Blueprint,misc area types,nonTOC,2050,3067623.0,3628314.0,608020.0,0.1675764556209854,1789136.0,1911769.0,141684.0,0.07411146430348017
PBA50Plus_FinalBlueprint/PBA50Plus_Final_Blueprint_v65,Final Blueprint,misc area types,HRA,2023,1383409.0,2058831.4000000004,1365887.3999999997,0.6634284866648136,796915.0,422386.0,28691.00000000001,0.06792602027529324
PBA50Plus_FinalBlueprint/PBA50Plus_Final_Blueprint_v65,Final Blueprint,misc area types,TRA,2023,1971425.0,2056783.8,1040312.4,0.5057956990909789,1112302.0,620337.7999999999,58378.2,0.0941071138982664
PBA50Plus_FinalBlueprint/PBA50Plus_Final_Blueprint_v65,Final Blueprint,misc area types,HRAandTRA,2023,584581.0,711882.9999999999,411440.8,0.5779612661069305,313437.0,173542.80000000002,14464.199999999999,0.08334658654810224
PBA50Plus_FinalBlueprint/PBA50Plus_Final_Blueprint_v65,Final Blueprint,misc area types,GG,2023,2868491.0,2832550.0000000005,1361198.1999999995,0.4805557536495381,1528500.0,838428.4,72137.20000000003,0.08603859315834247
PBA50Plus_FinalBlueprint/PBA50Plus_Final_Blueprint_v65,Final Blueprint,misc area types,nonGG,2023,1232078.0,2656958.3999999994,2024310.6000000003,0.7618902125076557,620778.0,351450.9999999999,32085.2,0.09129352313693805
PBA50Plus_FinalBlueprint/PBA50Plus_Final_Blueprint_v65,Final Blueprint,misc area types,PBA50GG,2023,2466810.0,2389027.4,1129621.0,0.4728371888911781,1411330.0,774763.8,68142.19999999998,0.08795222492326045
PBA50Plus_FinalBlueprint/PBA50Plus_Final_Blueprint_v65,Final Blueprint,misc area types,PBA50nonGG,2023,1633759.0,3100480.9999999986,2255887.8,0.727592847690407,737948.0,415115.60000000003,36080.200000000004,0.08691603013714734
PBA50Plus_FinalBlueprint/PBA50Plus_Final_Blueprint_v65,Final Blueprint,misc area types,GG_nonPDA,2023,898814.0,1162880.2,699882.2,0.6018523662196673,410065.0,219746.40000000005,12641.8,0.05752904256907051
PBA50Plus_FinalBlueprint/PBA50Plus_Final_Blueprint_v65,Final Blueprint,misc area types,PDA,2023,1969677.0,1669669.8,661316.0000000001,0.39607591872357045,1118435.0,618682.0,59495.40000000001,0.09616475022709568
PBA50Plus_FinalBlueprint/PBA50Plus_Final_Blueprint_v65,Final Blueprint,misc area types,EPC_18,2023,1072315.0,1088732.9999999998,531106.7999999999,0.4878209809016536,586428.0,328157.9999999999,31812.600000000002,0.09694293602471984
PBA50Plus_FinalBlueprint/PBA50Plus_Final_Blueprint_v65,Final Blueprint,misc area types,nonEPC_18,2023,3028254.0,4400775.399999999,2854401.9999999995,0.6486134238979794,1562850.0,861721.4000000001,72409.79999999996,0.08402924657551727
PBA50Plus_FinalBlueprint/PBA50Plus_Final_Blueprint_v65,Final Blueprint,misc area types,EPC_22,2023,945850.0,933285.0,444919.4,0.4767240446380259,519526.0,282475.5999999999,25562.799999999992,0.0904956038680863
PBA50Plus_FinalBlueprint/PBA50Plus_Final_Blueprint_v65,Final Blueprint,misc area types,nonEPC_22,2023,3154719.0,4556223.4,2940589.4000000004,0.6454006184156817,1629752.0,907403.7999999995,78659.6,0.08668643441872301
PBA50Plus_FinalBlueprint/PBA50Plus_Final_Blueprint_v65,Final Blueprint,misc area types,PPA,2023,247669.0,147798.8,17178.0,0.1162255715202018,48015.0,23335.0,298.40000000000003,0.012787658024426829
PBA50Plus_FinalBlueprint/PBA50Plus_Final_Blueprint_v65,Final Blueprint,misc area types,Region,2023,4100569.0,5489508.3999999985,3385508.8000000007,0.6167234938560258,2149278.0,1189879.4,104222.4,0.0875907255810967
PBA50Plus_FinalBlueprint/PBA50Plus_Final_Blueprint_v65,Final Blueprint,misc area types,TOC,2023,1791192.0,1720742.8,806339.4000000003,0.4685996070999107,1059367.0,585646.5999999999,56826.4,0.09703189602739948
PBA50Plus_FinalBlueprint/PBA50Plus_Final_Blueprint_v65,Final Blueprint,misc area types,nonTOC,2023,2309377.0,3768765.599999998,2579169.399999999,0.6843538903029682,1089911.0,604232.8,47395.99999999997,0.07843996552322212
PBA50Plus_FinalBlueprint/PBA50Plus_Final_Blueprint_v65,Final Blueprint,misc area types,HRA,2050,1727361.0,1956063.0,252776.0,0.12922692162777988,1157828.0,1187041.0,39273.0,0.03308478814126892
PBA50Plus_FinalBlueprint/PBA50Plus_Final_Blueprint_v65,Final Blueprint,misc area types,TRA,2050,2644589.0,2902795.0,294180.0,0.10134370494643956,1769693.0,1783856.0,45101.0,0.025282870366217902
PBA50Plus_FinalBlueprint/PBA50Plus_Final_Blueprint_v65,Final Blueprint,misc area types,HRAandTRA,2050,748182.0,839675.0,98061.0,0.11678447018191562,485266.0,492793.0,13702.0,0.027804778071117083
PBA50Plus_FinalBlueprint/PBA50Plus_Final_Blueprint_v65,Final Blueprint,misc area types,GG,2050,3824209.0,4229678.0,451314.0,0.10670173947047505,2406609.0,2430379.0,67780.0,0.027888654403284426
PBA50Plus_FinalBlueprint/PBA50Plus_Final_Blueprint_v65,Final Blueprint,misc area types,nonGG,2050,1611410.0,1901003.0,323127.0,0.16997711208241123,983085.0,1038570.0,62836.0,0.060502421598929296
PBA50Plus_FinalBlueprint/PBA50Plus_Final_Blueprint_v65,Final Blueprint,misc area types,PBA50GG,2050,3295486.0,3600653.0,346666.0,0.09627864723426556,2239743.0,2263414.0,60343.0,0.026660169107374964
PBA50Plus_FinalBlueprint/PBA50Plus_Final_Blueprint_v65,Final Blueprint,misc area types,PBA50nonGG,2050,2140133.0,2530028.0,427775.0,0.16907915643621335,1149951.0,1205535.0,70273.0,0.05829196166017577
PBA50Plus_FinalBlueprint/PBA50Plus_Final_Blueprint_v65,Final Blueprint,misc area types,GG_nonPDA,2050,1163247.0,1324313.0,176998.0,0.1336526938873212,598924.0,609280.0,22404.0,0.03677127100840336
PBA50Plus_FinalBlueprint/PBA50Plus_Final_Blueprint_v65,Final Blueprint,misc area types,PDA,2050,2660962.0,2905365.0,274316.0,0.09441705259063836,1807685.0,1821099.0,45376.0,0.024916822204613807
PBA50Plus_FinalBlueprint/PBA50Plus_Final_Blueprint_v65,Final Blueprint,misc area types,EPC_18,2050,1413352.0,1567416.0,169069.0,0.10786479147845882,918081.0,932364.0,28500.0,0.030567460777121382
PBA50Plus_FinalBlueprint/PBA50Plus_Final_Blueprint_v65,Final Blueprint,misc area types,nonEPC_18,2050,4022267.0,4563265.0,605372.0,0.13266203036641527,2471613.0,2536585.0,102116.0,0.04025727503710698
PBA50Plus_FinalBlueprint/PBA50Plus_Final_Blueprint_v65,Final Blueprint,misc area types,EPC_22,2050,1201444.0,1340479.0,152718.0,0.113927931731866,760760.0,775070.0,24235.0,0.031268143522520546
PBA50Plus_FinalBlueprint/PBA50Plus_Final_Blueprint_v65,Final Blueprint,misc area types,nonEPC_22,2050,4234175.0,4790202.0,621723.0,0.12979055998056033,2628934.0,2693879.0,106381.0,0.039489895425889585
PBA50Plus_FinalBlueprint/PBA50Plus_Final_Blueprint_v65,Final Blueprint,misc area types,PPA,2050,355898.0,422618.0,68444.0,0.16195240145947404,80100.0,74231.0,2228.0,0.03001441446296022
PBA50Plus_FinalBlueprint/PBA50Plus_Final_Blueprint_v65,Final Blueprint,misc area types,Region,2050,5435619.0,6130681.0,774441.0,0.12632218182612992,3389694.0,3468949.0,130616.0,0.03765290293976648
PBA50Plus_FinalBlueprint/PBA50Plus_Final_Blueprint_v65,Final Blueprint,misc area types,TOC,2050,2426264.0,2648287.0,257246.0,0.0971367529274584,1684681.0,1692143.0,38146.0,0.02254301202676133
PBA50Plus_FinalBlueprint/PBA50Plus_Final_Blueprint_v65,Final Blueprint,misc area types,nonTOC,2050,3009355.0,3482394.0,517195.0,0.14851708336276712,1705013.0,1776806.0,92470.0,0.05204282290807213
PBA50Plus_FinalBlueprint/PBA50Plus_Final_Blueprint_v65_exog_p92,Final Blueprint,misc area types,HRA,2023,1383409.0,2067371.7999999989,1374330.5999999996,0.6647718615490452,796915.0,421259.7999999999,27229.800000000014,0.06463897101028872
PBA50Plus_FinalBlueprint/PBA50Plus_Final_Blueprint_v65_exog_p92,Final Blueprint,misc area types,TRA,2023,1971425.0,2032764.6,1014877.4,0.49925967817424605,1112200.0,618164.2,55525.2,0.08982273641857616
PBA50Plus_FinalBlueprint/PBA50Plus_Final_Blueprint_v65_exog_p92,Final Blueprint,misc area types,HRAandTRA,2023,584581.0,695086.5999999999,394412.79999999993,0.5674297274612976,313437.0,171232.79999999996,12038.2,0.07030311949579755
PBA50Plus_FinalBlueprint/PBA50Plus_Final_Blueprint_v65_exog_p92,Final Blueprint,misc area types,GG,2023,2868491.0,2784888.0,1312265.4000000004,0.4712093987262685,1528399.0,839886.2,72639.99999999999,0.08648790752842467
PBA50Plus_FinalBlueprint/PBA50Plus_Final_Blueprint_v65_exog_p92,Final Blueprint,misc area types,nonGG,2023,1232078.0,2706520.1999999983,2072976.8000000007,0.7659195745149073,620778.0,352130.19999999995,32423.199999999993,0.09207730549666003
PBA50Plus_FinalBlueprint/PBA50Plus_Final_Blueprint_v65_exog_p92,Final Blueprint,misc area types,PBA50GG,2023,2466810.0,2345254.9999999995,1083999.4,0.4622096104687977,1411229.0,775406.2000000002,67807.4,0.08744758553645815
PBA50Plus_FinalBlueprint/PBA50Plus_Final_Blueprint_v65_exog_p92,Final Blueprint,misc area types,PBA50nonGG,2023,1633759.0,3146153.199999998,2301242.8000000003,0.7314465169719013,737948.0,416610.19999999995,37255.80000000001,0.0894260390168076
PBA50Plus_FinalBlueprint/PBA50Plus_Final_Blueprint_v65_exog_p92,Final Blueprint,misc area types,GG_nonPDA,2023,898814.0,1108565.8,645749.4,0.5825088596454987,410061.0,222552.99999999994,14781.800000000003,0.06641923496874905
PBA50Plus_FinalBlueprint/PBA50Plus_Final_Blueprint_v65_exog_p92,Final Blueprint,misc area types,PDA,2023,1969677.0,1676322.1999999997,666515.9999999999,0.3976061403947284,1118338.0,617333.2,57858.19999999999,0.09372280641961261
PBA50Plus_FinalBlueprint/PBA50Plus_Final_Blueprint_v65_exog_p92,Final Blueprint,misc area types,EPC_18,2023,1072315.0,1045882.4000000001,487344.19999999995,0.46596462470350386,586428.0,331269.60000000003,34024.2,0.10270848879583273
PBA50Plus_FinalBlueprint/PBA50Plus_Final_Blueprint_v65_exog_p92,Final Blueprint,misc area types,nonEPC_18,2023,3028254.0,4445525.8,2897898.0,0.6518684471474668,1562749.0,860746.8000000006,71039.00000000001,0.08253182004278141
PBA50Plus_FinalBlueprint/PBA50Plus_Final_Blueprint_v65_exog_p92,Final Blueprint,misc area types,EPC_22,2023,945850.0,930582.3999999999,441652.6000000001,0.47459805816228645,519432.0,286742.4000000001,29429.800000000003,0.10263497829410646
PBA50Plus_FinalBlueprint/PBA50Plus_Final_Blueprint_v65_exog_p92,Final Blueprint,misc area types,nonEPC_22,2023,3154719.0,4560825.8,2943589.5999999996,0.6454071541166952,1629745.0,905274.0000000005,75633.39999999998,0.083547522628508
PBA50Plus_FinalBlueprint/PBA50Plus_Final_Blueprint_v65_exog_p92,Final Blueprint,misc area types,PPA,2023,247669.0,147476.6,17506.2,0.11870493352843774,48015.0,23801.8,1081.0,0.04541673318824627
PBA50Plus_FinalBlueprint/PBA50Plus_Final_Blueprint_v65_exog_p92,Final Blueprint,misc area types,Region,2023,4100569.0,5491408.199999998,3385242.199999999,0.6164615844802795,2149177.0,1192016.3999999997,105063.19999999997,0.0881390558049369
PBA50Plus_FinalBlueprint/PBA50Plus_Final_Blueprint_v65_exog_p92,Final Blueprint,misc area types,TOC,2023,1791192.0,1669548.6,754542.4,0.4519439565880262,1059265.0,585952.8000000002,56405.4,0.09626270238831522
PBA50Plus_FinalBlueprint/PBA50Plus_Final_Blueprint_v65_exog_p92,Final Blueprint,misc area types,nonTOC,2023,2309377.0,3821859.600000001,2630699.8000000003,0.6883297858456129,1089912.0,606063.6000000003,48657.79999999999,0.08028497339223138
PBA50Plus_FinalBlueprint/PBA50Plus_Final_Blueprint_v65_exog_p92,Final Blueprint,misc area types,HRA,2050,1696661.0,1857374.0,187216.0,0.10079607015065356,1098684.0,1089743.0,2694.0,0.002472142514335949
PBA50Plus_FinalBlueprint/PBA50Plus_Final_Blueprint_v65_exog_p92,Final Blueprint,misc area types,TRA,2050,2599445.0,2761492.0,195412.0,0.07076319612731088,1678371.0,1646778.0,3069.0,0.0018636391790514569
PBA50Plus_FinalBlueprint/PBA50Plus_Final_Blueprint_v65_exog_p92,Final Blueprint,misc area types,HRAandTRA,2050,732717.0,796236.0,70866.0,0.08900125088541588,455991.0,449261.0,684.0,0.001522500283799395
PBA50Plus_FinalBlueprint/PBA50Plus_Final_Blueprint_v65_exog_p92,Final Blueprint,misc area types,GG,2050,3803135.0,4035704.0,277264.0,0.068702759171634,2289177.0,2243168.0,4611.0,0.0020555749725388378
PBA50Plus_FinalBlueprint/PBA50Plus_Final_Blueprint_v65_exog_p92,Final Blueprint,misc area types,nonGG,2050,1632484.0,1821714.0,224001.0,0.12296167235910796,957000.0,959292.0,11259.0,0.011736780875895973
PBA50Plus_FinalBlueprint/PBA50Plus_Final_Blueprint_v65_exog_p92,Final Blueprint,misc area types,PBA50GG,2050,3242324.0,3422973.0,221315.0,0.06465578314523661,2127451.0,2089313.0,3774.0,0.0018063353839276356
PBA50Plus_FinalBlueprint/PBA50Plus_Final_Blueprint_v65_exog_p92,Final Blueprint,misc area types,PBA50nonGG,2050,2193295.0,2434445.0,279950.0,0.11499540963135335,1118726.0,1113147.0,12096.0,0.010866489331597713
PBA50Plus_FinalBlueprint/PBA50Plus_Final_Blueprint_v65_exog_p92,Final Blueprint,misc area types,GG_nonPDA,2050,1182190.0,1273658.0,101085.0,0.07936588943028662,574331.0,562054.0,1724.0,0.0030673209335757776
PBA50Plus_FinalBlueprint/PBA50Plus_Final_Blueprint_v65_exog_p92,Final Blueprint,misc area types,PDA,2050,2620945.0,2762046.0,176179.0,0.06378568640782956,1714846.0,1681114.0,2887.0,0.0017173136384564045
PBA50Plus_FinalBlueprint/PBA50Plus_Final_Blueprint_v65_exog_p92,Final Blueprint,misc area types,EPC_18,2050,1415348.0,1500134.0,101903.0,0.06792926498566128,877430.0,862630.0,2845.0,0.0032980536266997438
PBA50Plus_FinalBlueprint/PBA50Plus_Final_Blueprint_v65_exog_p92,Final Blueprint,misc area types,nonEPC_18,2050,4020271.0,4357284.0,399362.0,0.0916538834742009,2368747.0,2339830.0,13025.0,0.0055666437305274315
PBA50Plus_FinalBlueprint/PBA50Plus_Final_Blueprint_v65_exog_p92,Final Blueprint,misc area types,EPC_22,2050,1201317.0,1277549.0,91380.0,0.07152758915704995,722792.0,713349.0,2356.0,0.003302731201697907
PBA50Plus_FinalBlueprint/PBA50Plus_Final_Blueprint_v65_exog_p92,Final Blueprint,misc area types,nonEPC_22,2050,4234302.0,4579869.0,409885.0,0.08949710133630459,2523385.0,2489111.0,13514.0,0.005429247630981503
PBA50Plus_FinalBlueprint/PBA50Plus_Final_Blueprint_v65_exog_p92,Final Blueprint,misc area types,PPA,2050,386872.0,416960.0,31926.0,0.07656849577897161,77939.0,68573.0,72.0,0.0010499759380514196
PBA50Plus_FinalBlueprint/PBA50Plus_Final_Blueprint_v65_exog_p92,Final Blueprint,misc area types,Region,2050,5435619.0,5857418.0,501265.0,0.085577809198524,3246177.0,3202460.0,15870.0,0.004955565409091761
PBA50Plus_FinalBlueprint/PBA50Plus_Final_Blueprint_v65_exog_p92,Final Blueprint,misc area types,TOC,2050,2373193.0,2514353.0,173690.0,0.06907940134102093,1596450.0,1564519.0,2364.0,0.0015110075365016341
PBA50Plus_FinalBlueprint/PBA50Plus_Final_Blueprint_v65_exog_p92,Final Blueprint,misc area types,nonTOC,2050,3062426.0,3343065.0,327575.0,0.09798642862163913,1649727.0,1637941.0,13506.0,0.008245718252366844
PBA50Plus_FinalBlueprint/PBA50Plus_Final_Blueprint_v69,Final Blueprint,misc area types,HRA,2023,1383409.0,2079898.5999999992,1386549.2,0.6666426911388855,796915.0,421826.79999999993,27694.600000000006,0.0656539603458102
PBA50Plus_FinalBlueprint/PBA50Plus_Final_Blueprint_v69,Final Blueprint,misc area types,TRA,2023,1971425.0,2018387.1999999997,1000163.5999999999,0.49552613096238424,1112281.0,614731.0,52297.79999999999,0.08507428452445051
PBA50Plus_FinalBlueprint/PBA50Plus_Final_Blueprint_v69,Final Blueprint,misc area types,HRAandTRA,2023,584581.0,732358.0,431257.6000000001,0.5888617315575171,313437.0,171429.0,12012.0,0.07006982482543794
PBA50Plus_FinalBlueprint/PBA50Plus_Final_Blueprint_v69,Final Blueprint,misc area types,GG,2023,2868491.0,2815630.4,1342542.2,0.47681762492690805,1528479.0,836058.7999999997,69479.40000000001,0.08310348506588297
PBA50Plus_FinalBlueprint/PBA50Plus_Final_Blueprint_v69,Final Blueprint,misc area types,nonGG,2023,1232078.0,2679913.2,2047114.5999999999,0.76387347172289,620778.0,348541.5999999999,29278.999999999996,0.08400431971391652
PBA50Plus_FinalBlueprint/PBA50Plus_Final_Blueprint_v69,Final Blueprint,misc area types,PBA50GG,2023,2466810.0,2378581.7999999993,1117807.2000000002,0.469946923835035,1411309.0,769588.0,62855.19999999999,0.08167383067303544
PBA50Plus_FinalBlueprint/PBA50Plus_Final_Blueprint_v69,Final Blueprint,misc area types,PBA50nonGG,2023,1633759.0,3116961.800000001,2271849.6000000006,0.7288666803680429,737948.0,415012.4,35903.19999999999,0.08651115002828828
PBA50Plus_FinalBlueprint/PBA50Plus_Final_Blueprint_v69,Final Blueprint,misc area types,GG_nonPDA,2023,898814.0,1153964.7999999998,690034.7999999999,0.5979686728745972,410065.0,224573.40000000002,16850.600000000002,0.07503381967766441
PBA50Plus_FinalBlueprint/PBA50Plus_Final_Blueprint_v69,Final Blueprint,misc area types,PDA,2023,1969677.0,1661665.5999999996,652507.3999999999,0.39268273953556,1118414.0,611485.4,52628.8,0.08606714076901918
PBA50Plus_FinalBlueprint/PBA50Plus_Final_Blueprint_v69,Final Blueprint,misc area types,EPC_18,2023,1072315.0,1082431.5999999999,524148.39999999997,0.4842323524183884,586407.0,324178.4000000001,27889.199999999993,0.08603040794821612
PBA50Plus_FinalBlueprint/PBA50Plus_Final_Blueprint_v69,Final Blueprint,misc area types,nonEPC_18,2023,3028254.0,4413112.0,2865508.4,0.649316944596013,1562850.0,860421.9999999994,70869.20000000001,0.08236562988858963
PBA50Plus_FinalBlueprint/PBA50Plus_Final_Blueprint_v69,Final Blueprint,misc area types,EPC_22,2023,945850.0,925877.2000000001,436792.80000000005,0.4717610499534928,519505.0,279857.99999999994,22921.999999999993,0.08190582366771719
PBA50Plus_FinalBlueprint/PBA50Plus_Final_Blueprint_v69,Final Blueprint,misc area types,nonEPC_22,2023,3154719.0,4569666.4,2952864.0000000014,0.6461880893537438,1629752.0,904742.4000000001,75836.39999999997,0.08382098595136024
PBA50Plus_FinalBlueprint/PBA50Plus_Final_Blueprint_v69,Final Blueprint,misc area types,PPA,2023,247669.0,148991.0,18430.6,0.12370277399305997,48015.0,23242.0,415.4,0.017872816452973065
PBA50Plus_FinalBlueprint/PBA50Plus_Final_Blueprint_v69,Final Blueprint,misc area types,Region,2023,4100569.0,5495543.600000001,3389656.8000000007,0.6168010021792931,2149257.0,1184600.4000000008,98758.39999999992,0.0833685350773137
PBA50Plus_FinalBlueprint/PBA50Plus_Final_Blueprint_v69,Final Blueprint,misc area types,TOC,2023,1791192.0,1692721.8000000003,776336.4,0.4586320091110068,1059346.0,578797.2,49482.200000000004,0.0854914294678689
PBA50Plus_FinalBlueprint/PBA50Plus_Final_Blueprint_v69,Final Blueprint,misc area types,nonTOC,2023,2309377.0,3802821.800000001,2613320.4000000004,0.6872055903329468,1089911.0,605803.2,49276.19999999999,0.08134027684238049
PBA50Plus_FinalBlueprint/PBA50Plus_Final_Blueprint_v69,Final Blueprint,misc area types,HRA,2050,1729775.0,2061561.0,353456.0,0.17145066287148428,1158004.0,1249929.0,99607.0,0.07969012639917947
PBA50Plus_FinalBlueprint/PBA50Plus_Final_Blueprint_v69,Final Blueprint,misc area types,TRA,2050,2750707.0,3174263.0,446990.0,0.14081693923912417,1844196.0,1938660.0,121082.0,0.062456542147669006
PBA50Plus_FinalBlueprint/PBA50Plus_Final_Blueprint_v69,Final Blueprint,misc area types,HRAandTRA,2050,769554.0,911771.0,146476.0,0.16064998777105216,499923.0,534505.0,38867.0,0.0727158773070411
PBA50Plus_FinalBlueprint/PBA50Plus_Final_Blueprint_v69,Final Blueprint,misc area types,GG,2050,3926101.0,4588091.0,695467.0,0.15158090805086472,2487128.0,2630472.0,180298.0,0.06854207153697131
PBA50Plus_FinalBlueprint/PBA50Plus_Final_Blueprint_v69,Final Blueprint,misc area types,nonGG,2050,1509518.0,1899692.0,423721.0,0.22304720975821343,920693.0,1037831.0,123030.0,0.11854531229072941
PBA50Plus_FinalBlueprint/PBA50Plus_Final_Blueprint_v69,Final Blueprint,misc area types,PBA50GG,2050,3424499.0,3934869.0,540884.0,0.1374592140170359,2323985.0,2456104.0,163433.0,0.0665415633865667
PBA50Plus_FinalBlueprint/PBA50Plus_Final_Blueprint_v69,Final Blueprint,misc area types,PBA50nonGG,2050,2011120.0,2552914.0,578304.0,0.2265270197115923,1083836.0,1212199.0,139895.0,0.11540596882195085
PBA50Plus_FinalBlueprint/PBA50Plus_Final_Blueprint_v69,Final Blueprint,misc area types,GG_nonPDA,2050,1143933.0,1397713.0,262910.0,0.1881001321444388,602204.0,648250.0,55714.0,0.08594523717701504
PBA50Plus_FinalBlueprint/PBA50Plus_Final_Blueprint_v69,Final Blueprint,misc area types,PDA,2050,2782168.0,3190378.0,432557.0,0.1355817398439934,1884924.0,1982222.0,124584.0,0.06285067969178024
PBA50Plus_FinalBlueprint/PBA50Plus_Final_Blueprint_v69,Final Blueprint,misc area types,EPC_18,2050,1457696.0,1704982.0,260058.0,0.15252829648641453,951451.0,1010506.0,70960.0,0.07022224509305239
PBA50Plus_FinalBlueprint/PBA50Plus_Final_Blueprint_v69,Final Blueprint,misc area types,nonEPC_18,2050,3977923.0,4782801.0,859130.0,0.1796290500064711,2456370.0,2657797.0,232368.0,0.08742879911445456
PBA50Plus_FinalBlueprint/PBA50Plus_Final_Blueprint_v69,Final Blueprint,misc area types,EPC_22,2050,1244319.0,1465740.0,233337.0,0.1591939907487003,791982.0,841604.0,58147.0,0.069090688732468
PBA50Plus_FinalBlueprint/PBA50Plus_Final_Blueprint_v69,Final Blueprint,misc area types,nonEPC_22,2050,4191300.0,5022043.0,885851.0,0.1763925557785945,2615839.0,2826699.0,245181.0,0.0867375691575226
PBA50Plus_FinalBlueprint/PBA50Plus_Final_Blueprint_v69,Final Blueprint,misc area types,PPA,2050,323705.0,422618.0,100644.0,0.2381441396249095,75459.0,74231.0,5343.0,0.07197801457612049
PBA50Plus_FinalBlueprint/PBA50Plus_Final_Blueprint_v69,Final Blueprint,misc area types,Region,2050,5435619.0,6487783.0,1119188.0,0.17250700277737402,3407821.0,3668303.0,303328.0,0.08268891637359291
PBA50Plus_FinalBlueprint/PBA50Plus_Final_Blueprint_v69,Final Blueprint,misc area types,TOC,2050,2544135.0,2906490.0,385271.0,0.13255541907937066,1770861.0,1849324.0,104879.0,0.056712074249833995
PBA50Plus_FinalBlueprint/PBA50Plus_Final_Blueprint_v69,Final Blueprint,misc area types,nonTOC,2050,2891484.0,3581293.0,733917.0,0.20493073311789903,1636960.0,1818979.0,198449.0,0.10909911549281218
PBA50Plus_FinalBlueprint/PBA50Plus_Final_Blueprint_v69_no_ubi,Final Blueprint,misc area types,HRA,2023,1383409.0,2108442.8,1414198.1999999995,0.6707311196680316,796913.0,418444.2,24072.999999999993,0.05752977338436043
PBA50Plus_FinalBlueprint/PBA50Plus_Final_Blueprint_v69_no_ubi,Final Blueprint,misc area types,TRA,2023,1971425.0,2055685.1999999993,1036355.4000000001,0.5041411009818043,1112187.0,618753.4,55641.39999999999,0.0899250008161571
PBA50Plus_FinalBlueprint/PBA50Plus_Final_Blueprint_v69_no_ubi,Final Blueprint,misc area types,HRAandTRA,2023,584581.0,742962.4,440783.2,0.5932779370799922,313437.0,171292.80000000002,11479.400000000001,0.06701624353154365
PBA50Plus_FinalBlueprint/PBA50Plus_Final_Blueprint_v69_no_ubi,Final Blueprint,misc area types,GG,2023,2868491.0,2828313.7999999993,1353919.9999999993,0.4787021864405568,1528385.0,839617.8000000002,71766.20000000001,0.08547484343471518
PBA50Plus_FinalBlueprint/PBA50Plus_Final_Blueprint_v69_no_ubi,Final Blueprint,misc area types,nonGG,2023,1232078.0,2671398.4,2038679.6,0.7631507153706464,620777.0,346958.4000000001,27869.00000000001,0.08032375062831741
PBA50Plus_FinalBlueprint/PBA50Plus_Final_Blueprint_v69_no_ubi,Final Blueprint,misc area types,PBA50GG,2023,2466810.0,2392464.8,1129831.1999999997,0.4722456940641299,1411309.0,775330.6,67311.40000000002,0.08681638516524438
PBA50Plus_FinalBlueprint/PBA50Plus_Final_Blueprint_v69_no_ubi,Final Blueprint,misc area types,PBA50nonGG,2023,1633759.0,3107247.4,2262768.3999999994,0.7282227993818579,737853.0,411245.6000000001,32323.800000000007,0.07859974672069439
PBA50Plus_FinalBlueprint/PBA50Plus_Final_Blueprint_v69_no_ubi,Final Blueprint,misc area types,GG_nonPDA,2023,898814.0,1175670.4,712220.6000000001,0.6057995506223515,409969.0,219495.60000000003,11931.599999999999,0.05435917622038891
PBA50Plus_FinalBlueprint/PBA50Plus_Final_Blueprint_v69_no_ubi,Final Blueprint,misc area types,PDA,2023,1969677.0,1652643.4,641699.3999999999,0.3882866684972692,1118416.0,620122.2,59834.60000000001,0.09648840180209646
PBA50Plus_FinalBlueprint/PBA50Plus_Final_Blueprint_v69_no_ubi,Final Blueprint,misc area types,EPC_18,2023,1072315.0,1091810.4000000001,532803.6000000001,0.4880001143055608,586313.0,331696.39999999997,34500.2,0.10401137908038798
PBA50Plus_FinalBlueprint/PBA50Plus_Final_Blueprint_v69_no_ubi,Final Blueprint,misc area types,nonEPC_18,2023,3028254.0,4407901.8,2859795.9999999986,0.6487885006875604,1562849.0,854879.7999999997,65135.00000000003,0.07619199798614969
PBA50Plus_FinalBlueprint/PBA50Plus_Final_Blueprint_v69_no_ubi,Final Blueprint,misc area types,EPC_22,2023,945850.0,932558.3999999999,443253.0,0.47530857048738184,519411.0,287238.5999999999,29749.6,0.10357103815434279
PBA50Plus_FinalBlueprint/PBA50Plus_Final_Blueprint_v69_no_ubi,Final Blueprint,misc area types,nonEPC_22,2023,3154719.0,4567153.8,2949346.5999999996,0.6457734355256439,1629751.0,899337.6000000002,69885.60000000005,0.07770785965137011
PBA50Plus_FinalBlueprint/PBA50Plus_Final_Blueprint_v69_no_ubi,Final Blueprint,misc area types,PPA,2023,247669.0,144869.60000000003,14937.599999999999,0.10311065951724858,48015.0,23857.6,1115.8000000000002,0.046769163704647586
PBA50Plus_FinalBlueprint/PBA50Plus_Final_Blueprint_v69_no_ubi,Final Blueprint,misc area types,Region,2023,4100569.0,5499712.199999998,3392599.6000000006,0.6168685699589883,2149162.0,1186576.1999999993,99635.19999999991,0.08396864862113362
PBA50Plus_FinalBlueprint/PBA50Plus_Final_Blueprint_v69_no_ubi,Final Blueprint,misc area types,TOC,2023,1791192.0,1716447.9999999998,799853.4000000001,0.4659933770204517,1059252.0,586765.2000000001,56521.2,0.09632677602557205
PBA50Plus_FinalBlueprint/PBA50Plus_Final_Blueprint_v69_no_ubi,Final Blueprint,misc area types,nonTOC,2023,2309377.0,3783264.2000000007,2592746.2,0.6853198885766423,1089910.0,599811.0000000002,43113.99999999999,0.07187930864889103
PBA50Plus_FinalBlueprint/PBA50Plus_Final_Blueprint_v69_no_ubi,Final Blueprint,misc area types,HRA,2050,1730345.0,2061468.0,351906.0,0.17070650623730274,1156095.0,1247222.0,98778.0,0.07919841054760099
PBA50Plus_FinalBlueprint/PBA50Plus_Final_Blueprint_v69_no_ubi,Final Blueprint,misc area types,TRA,2050,2754558.0,3171057.0,448112.0,0.14131313312879584,1838399.0,1932049.0,120246.0,0.062237551946146295
PBA50Plus_FinalBlueprint/PBA50Plus_Final_Blueprint_v69_no_ubi,Final Blueprint,misc area types,HRAandTRA,2050,776080.0,919126.0,147084.0,0.16002593768427834,504055.0,538304.0,38508.0,0.07153578647009869
PBA50Plus_FinalBlueprint/PBA50Plus_Final_Blueprint_v69_no_ubi,Final Blueprint,misc area types,GG,2050,3925818.0,4578171.0,693601.0,0.1515017678457183,2478023.0,2620437.0,179359.0,0.06844621717675334
PBA50Plus_FinalBlueprint/PBA50Plus_Final_Blueprint_v69_no_ubi,Final Blueprint,misc area types,nonGG,2050,1509801.0,1899035.0,421947.0,0.22219021766318156,920669.0,1036750.0,122040.0,0.11771401012780323
PBA50Plus_FinalBlueprint/PBA50Plus_Final_Blueprint_v69_no_ubi,Final Blueprint,misc area types,PBA50GG,2050,3421706.0,3927706.0,540232.0,0.13754389967069836,2321127.0,2452831.0,163090.0,0.06649051646852147
PBA50Plus_FinalBlueprint/PBA50Plus_Final_Blueprint_v69_no_ubi,Final Blueprint,misc area types,PBA50nonGG,2050,2013913.0,2549500.0,575316.0,0.22565836438517356,1077565.0,1204356.0,138309.0,0.11484062851847793
PBA50Plus_FinalBlueprint/PBA50Plus_Final_Blueprint_v69_no_ubi,Final Blueprint,misc area types,GG_nonPDA,2050,1143009.0,1389560.0,261280.0,0.1880307435447192,593927.0,638359.0,54060.0,0.08468588991460918
PBA50Plus_FinalBlueprint/PBA50Plus_Final_Blueprint_v69_no_ubi,Final Blueprint,misc area types,PDA,2050,2782809.0,3188611.0,432321.0,0.13558286037399983,1884096.0,1982078.0,125299.0,0.06321597838228364
PBA50Plus_FinalBlueprint/PBA50Plus_Final_Blueprint_v69_no_ubi,Final Blueprint,misc area types,EPC_18,2050,1451017.0,1697227.0,259163.0,0.15269790075222703,944728.0,1003320.0,70630.0,0.07039628433600446
PBA50Plus_FinalBlueprint/PBA50Plus_Final_Blueprint_v69_no_ubi,Final Blueprint,misc area types,nonEPC_18,2050,3984602.0,4779979.0,856385.0,0.17916082894924854,2453964.0,2653867.0,230769.0,0.08695575173887765
PBA50Plus_FinalBlueprint/PBA50Plus_Final_Blueprint_v69_no_ubi,Final Blueprint,misc area types,EPC_22,2050,1234780.0,1453500.0,230839.0,0.15881596147230823,783863.0,832712.0,57486.0,0.06903467225163082
PBA50Plus_FinalBlueprint/PBA50Plus_Final_Blueprint_v69_no_ubi,Final Blueprint,misc area types,nonEPC_22,2050,4200839.0,5023706.0,884709.0,0.17610684223957374,2614829.0,2824475.0,243913.0,0.08635693358942813
PBA50Plus_FinalBlueprint/PBA50Plus_Final_Blueprint_v69_no_ubi,Final Blueprint,misc area types,PPA,2050,324629.0,422618.0,99671.0,0.23584182405860613,75501.0,74231.0,5308.0,0.07150651345125351
PBA50Plus_FinalBlueprint/PBA50Plus_Final_Blueprint_v69_no_ubi,Final Blueprint,misc area types,Region,2050,5435619.0,6477206.0,1115548.0,0.1722267286234219,3398692.0,3657187.0,301399.0,0.08241279431431862
PBA50Plus_FinalBlueprint/PBA50Plus_Final_Blueprint_v69_no_ubi,Final Blueprint,misc area types,TOC,2050,2546262.0,2903102.0,387735.0,0.13355886221014626,1764348.0,1842653.0,104727.0,0.05683490054828554
PBA50Plus_FinalBlueprint/PBA50Plus_Final_Blueprint_v69_no_ubi,Final Blueprint,misc area types,nonTOC,2050,2889357.0,3574104.0,727813.0,0.20363509287922232,1634344.0,1814534.0,196672.0,0.10838705695236353
PBA50Plus_FinalBlueprint/PBA50Plus_Final_Blueprint_v65,EIR Alt1,misc area types,HRA,2023,1383409.0,2058831.4000000004,1365887.3999999997,0.6634284866648136,796915.0,422386.0,28691.00000000001,0.06792602027529324
PBA50Plus_FinalBlueprint/PBA50Plus_Final_Blueprint_v65,EIR Alt1,misc area types,TRA,2023,1971425.0,2056783.8,1040312.4,0.5057956990909789,1112302.0,620337.7999999999,58378.2,0.0941071138982664
PBA50Plus_FinalBlueprint/PBA50Plus_Final_Blueprint_v65,EIR Alt1,misc area types,HRAandTRA,2023,584581.0,711882.9999999999,411440.8,0.5779612661069305,313437.0,173542.80000000002,14464.199999999999,0.08334658654810224
PBA50Plus_FinalBlueprint/PBA50Plus_Final_Blueprint_v65,EIR Alt1,misc area types,GG,2023,2868491.0,2832550.0000000005,1361198.1999999995,0.4805557536495381,1528500.0,838428.4,72137.20000000003,0.08603859315834247
PBA50Plus_FinalBlueprint/PBA50Plus_Final_Blueprint_v65,EIR Alt1,misc area types,nonGG,2023,1232078.0,2656958.3999999994,2024310.6000000003,0.7618902125076557,620778.0,351450.9999999999,32085.2,0.09129352313693805
PBA50Plus_FinalBlueprint/PBA50Plus_Final_Blueprint_v65,EIR Alt1,misc area types,PBA50GG,2023,2466810.0,2389027.4,1129621.0,0.4728371888911781,1411330.0,774763.8,68142.19999999998,0.08795222492326045
PBA50Plus_FinalBlueprint/PBA50Plus_Final_Blueprint_v65,EIR Alt1,misc area types,PBA50nonGG,2023,1633759.0,3100480.9999999986,2255887.8,0.727592847690407,737948.0,415115.60000000003,36080.200000000004,0.08691603013714734
PBA50Plus_FinalBlueprint/PBA50Plus_Final_Blueprint_v65,EIR Alt1,misc area types,GG_nonPDA,2023,898814.0,1162880.2,699882.2,0.6018523662196673,410065.0,219746.40000000005,12641.8,0.05752904256907051
PBA50Plus_FinalBlueprint/PBA50Plus_Final_Blueprint_v65,EIR Alt1,misc area types,PDA,2023,1969677.0,1669669.8,661316.0000000001,0.39607591872357045,1118435.0,618682.0,59495.40000000001,0.09616475022709568
PBA50Plus_FinalBlueprint/PBA50Plus_Final_Blueprint_v65,EIR Alt1,misc area types,EPC_18,2023,1072315.0,1088732.9999999998,531106.7999999999,0.4878209809016536,586428.0,328157.9999999999,31812.600000000002,0.09694293602471984
PBA50Plus_FinalBlueprint/PBA50Plus_Final_Blueprint_v65,EIR Alt1,misc area types,nonEPC_18,2023,3028254.0,4400775.399999999,2854401.9999999995,0.6486134238979794,1562850.0,861721.4000000001,72409.79999999996,0.08402924657551727
PBA50Plus_FinalBlueprint/PBA50Plus_Final_Blueprint_v65,EIR Alt1,misc area types,EPC_22,2023,945850.0,933285.0,444919.4,0.4767240446380259,519526.0,282475.5999999999,25562.799999999992,0.0904956038680863
PBA50Plus_FinalBlueprint/PBA50Plus_Final_Blueprint_v65,EIR Alt1,misc area types,nonEPC_22,2023,3154719.0,4556223.4,2940589.4000000004,0.6454006184156817,1629752.0,907403.7999999995,78659.6,0.08668643441872301
PBA50Plus_FinalBlueprint/PBA50Plus_Final_Blueprint_v65,EIR Alt1,misc area types,PPA,2023,247669.0,147798.8,17178.0,0.1162255715202018,48015.0,23335.0,298.40000000000003,0.012787658024426829
PBA50Plus_FinalBlueprint/PBA50Plus_Final_Blueprint_v65,EIR Alt1,misc area types,Region,2023,4100569.0,5489508.3999999985,3385508.8000000007,0.6167234938560258,2149278.0,1189879.4,104222.4,0.0875907255810967
PBA50Plus_FinalBlueprint/PBA50Plus_Final_Blueprint_v65,EIR Alt1,misc area types,TOC,2023,1791192.0,1720742.8,806339.4000000003,0.4685996070999107,1059367.0,585646.5999999999,56826.4,0.09703189602739948
PBA50Plus_FinalBlueprint/PBA50Plus_Final_Blueprint_v65,EIR Alt1,misc area types,nonTOC,2023,2309377.0,3768765.599999998,2579169.399999999,0.6843538903029682,1089911.0,604232.8,47395.99999999997,0.07843996552322212
PBA50Plus_FinalBlueprint/PBA50Plus_Final_Blueprint_v65,EIR Alt1,misc area types,HRA,2050,1727361.0,1956063.0,252776.0,0.12922692162777988,1157828.0,1187041.0,39273.0,0.03308478814126892
PBA50Plus_FinalBlueprint/PBA50Plus_Final_Blueprint_v65,EIR Alt1,misc area types,TRA,2050,2644589.0,2902795.0,294180.0,0.10134370494643956,1769693.0,1783856.0,45101.0,0.025282870366217902
PBA50Plus_FinalBlueprint/PBA50Plus_Final_Blueprint_v65,EIR Alt1,misc area types,HRAandTRA,2050,748182.0,839675.0,98061.0,0.11678447018191562,485266.0,492793.0,13702.0,0.027804778071117083
PBA50Plus_FinalBlueprint/PBA50Plus_Final_Blueprint_v65,EIR Alt1,misc area types,GG,2050,3824209.0,4229678.0,451314.0,0.10670173947047505,2406609.0,2430379.0,67780.0,0.027888654403284426
PBA50Plus_FinalBlueprint/PBA50Plus_Final_Blueprint_v65,EIR Alt1,misc area types,nonGG,2050,1611410.0,1901003.0,323127.0,0.16997711208241123,983085.0,1038570.0,62836.0,0.060502421598929296
PBA50Plus_FinalBlueprint/PBA50Plus_Final_Blueprint_v65,EIR Alt1,misc area types,PBA50GG,2050,3295486.0,3600653.0,346666.0,0.09627864723426556,2239743.0,2263414.0,60343.0,0.026660169107374964
PBA50Plus_FinalBlueprint/PBA50Plus_Final_Blueprint_v65,EIR Alt1,misc area types,PBA50nonGG,2050,2140133.0,2530028.0,427775.0,0.16907915643621335,1149951.0,1205535.0,70273.0,0.05829196166017577
PBA50Plus_FinalBlueprint/PBA50Plus_Final_Blueprint_v65,EIR Alt1,misc area types,GG_nonPDA,2050,1163247.0,1324313.0,176998.0,0.1336526938873212,598924.0,609280.0,22404.0,0.03677127100840336
PBA50Plus_FinalBlueprint/PBA50Plus_Final_Blueprint_v65,EIR Alt1,misc area types,PDA,2050,2660962.0,2905365.0,274316.0,0.09441705259063836,1807685.0,1821099.0,45376.0,0.024916822204613807
PBA50Plus_FinalBlueprint/PBA50Plus_Final_Blueprint_v65,EIR Alt1,misc area types,EPC_18,2050,1413352.0,1567416.0,169069.0,0.10786479147845882,918081.0,932364.0,28500.0,0.030567460777121382
PBA50Plus_FinalBlueprint/PBA50Plus_Final_Blueprint_v65,EIR Alt1,misc area types,nonEPC_18,2050,4022267.0,4563265.0,605372.0,0.13266203036641527,2471613.0,2536585.0,102116.0,0.04025727503710698
PBA50Plus_FinalBlueprint/PBA50Plus_Final_Blueprint_v65,EIR Alt1,misc area types,EPC_22,2050,1201444.0,1340479.0,152718.0,0.113927931731866,760760.0,775070.0,24235.0,0.031268143522520546
PBA50Plus_FinalBlueprint/PBA50Plus_Final_Blueprint_v65,EIR Alt1,misc area types,nonEPC_22,2050,4234175.0,4790202.0,621723.0,0.12979055998056033,2628934.0,2693879.0,106381.0,0.039489895425889585
PBA50Plus_FinalBlueprint/PBA50Plus_Final_Blueprint_v65,EIR Alt1,misc area types,PPA,2050,355898.0,422618.0,68444.0,0.16195240145947404,80100.0,74231.0,2228.0,0.03001441446296022
PBA50Plus_FinalBlueprint/PBA50Plus_Final_Blueprint_v65,EIR Alt1,misc area types,Region,2050,5435619.0,6130681.0,774441.0,0.12632218182612992,3389694.0,3468949.0,130616.0,0.03765290293976648
PBA50Plus_FinalBlueprint/PBA50Plus_Final_Blueprint_v65,EIR Alt1,misc area types,TOC,2050,2426264.0,2648287.0,257246.0,0.0971367529274584,1684681.0,1692143.0,38146.0,0.02254301202676133
PBA50Plus_FinalBlueprint/PBA50Plus_Final_Blueprint_v65,EIR Alt1,misc area types,nonTOC,2050,3009355.0,3482394.0,517195.0,0.14851708336276712,1705013.0,1776806.0,92470.0,0.05204282290807213
PBA50Plus_EIR/PBA50Plus_EIR_Alt2_Var4_v1,EIR Alt2,misc area types,HRA,2023,1383409.0,2049633.0000000005,1356762.8000000003,0.6619540181095835,796909.0,421958.1999999999,28376.600000000002,0.06724978919712903
PBA50Plus_EIR/PBA50Plus_EIR_Alt2_Var4_v1,EIR Alt2,misc area types,TRA,2023,1971425.0,2041819.200000001,1025051.1999999997,0.5020283872342857,1112302.0,623360.6000000001,61189.20000000001,0.09816019812609267
PBA50Plus_EIR/PBA50Plus_EIR_Alt2_Var4_v1,EIR Alt2,misc area types,HRAandTRA,2023,584581.0,695389.1999999998,394770.6,0.5676973412874403,313437.0,174829.2,15812.600000000002,0.09044598957153611
PBA50Plus_EIR/PBA50Plus_EIR_Alt2_Var4_v1,EIR Alt2,misc area types,GG,2023,2868491.0,2790373.4,1318714.0,0.4725940979798618,1528501.0,846622.3999999998,79996.40000000001,0.09448887721373782
PBA50Plus_EIR/PBA50Plus_EIR_Alt2_Var4_v1,EIR Alt2,misc area types,nonGG,2023,1232078.0,2699899.8000000003,2067617.8000000003,0.7658127905339303,620772.0,344648.19999999995,25739.399999999998,0.07468311164834171
PBA50Plus_EIR/PBA50Plus_EIR_Alt2_Var4_v1,EIR Alt2,misc area types,PBA50GG,2023,2466810.0,2348225.3999999994,1088140.1999999997,0.4633883101681806,1411331.0,779649.4,72575.19999999997,0.09308696960454271
PBA50Plus_EIR/PBA50Plus_EIR_Alt2_Var4_v1,EIR Alt2,misc area types,PBA50nonGG,2023,1633759.0,3142047.8,2298191.6,0.7314311386351284,737942.0,411621.20000000007,33160.600000000006,0.08056096236053925
PBA50Plus_EIR/PBA50Plus_EIR_Alt2_Var4_v1,EIR Alt2,misc area types,GG_nonPDA,2023,898814.0,1149527.0,687050.9999999999,0.5976814811657315,410065.0,224214.59999999998,17122.8,0.07636790824504738
PBA50Plus_EIR/PBA50Plus_EIR_Alt2_Var4_v1,EIR Alt2,misc area types,PDA,2023,1969677.0,1640846.4,631662.9999999999,0.3849616880653789,1118436.0,622407.8,62873.60000000001,0.1010167289034617
PBA50Plus_EIR/PBA50Plus_EIR_Alt2_Var4_v1,EIR Alt2,misc area types,EPC_18,2023,1072315.0,1081081.4,523516.80000000005,0.48425289714539543,586428.0,332942.4,36622.8,0.10999740495653303
PBA50Plus_EIR/PBA50Plus_EIR_Alt2_Var4_v1,EIR Alt2,misc area types,nonEPC_18,2023,3028254.0,4409191.800000001,2862815.0000000014,0.6492833902122382,1562845.0,858328.2000000003,69113.0,0.08052048155938483
PBA50Plus_EIR/PBA50Plus_EIR_Alt2_Var4_v1,EIR Alt2,misc area types,EPC_22,2023,945850.0,970075.9999999999,481607.80000000005,0.4964639883885387,519526.0,288607.00000000006,31548.399999999998,0.10931266393400019
PBA50Plus_EIR/PBA50Plus_EIR_Alt2_Var4_v1,EIR Alt2,misc area types,nonEPC_22,2023,3154719.0,4520197.200000002,2904724.0000000005,0.6426100171027934,1629747.0,902663.6000000004,74187.40000000002,0.08218720683984597
PBA50Plus_EIR/PBA50Plus_EIR_Alt2_Var4_v1,EIR Alt2,misc area types,PPA,2023,247669.0,149669.60000000003,19515.0,0.13038719953818273,48015.0,25616.2,2835.4,0.11068776789687776
PBA50Plus_EIR/PBA50Plus_EIR_Alt2_Var4_v1,EIR Alt2,misc area types,Region,2023,4100569.0,5490273.199999999,3386331.8000000003,0.6167874851837976,2149273.0,1191270.6,105735.80000000003,0.08875884286911809
PBA50Plus_EIR/PBA50Plus_EIR_Alt2_Var4_v1,EIR Alt2,misc area types,TOC,2023,1791192.0,1717370.2000000002,802851.7999999999,0.4674890713720314,1059367.0,591602.2000000001,62162.20000000001,0.10507432190076373
PBA50Plus_EIR/PBA50Plus_EIR_Alt2_Var4_v1,EIR Alt2,misc area types,nonTOC,2023,2309377.0,3772902.9999999995,2583479.999999999,0.684745937014548,1089906.0,599668.3999999997,43573.59999999999,0.07266282498794337
PBA50Plus_EIR/PBA50Plus_EIR_Alt2_Var4_v1,EIR Alt2,misc area types,HRA,2050,1746338.0,2014491.0,294984.0,0.1464310339435619,1176185.0,1237761.0,70359.0,0.056843768708175486
PBA50Plus_EIR/PBA50Plus_EIR_Alt2_Var4_v1,EIR Alt2,misc area types,TRA,2050,2678526.0,2996013.0,355144.0,0.11853887149354826,1803348.0,1858376.0,84071.0,0.04523896132967709
PBA50Plus_EIR/PBA50Plus_EIR_Alt2_Var4_v1,EIR Alt2,misc area types,HRAandTRA,2050,762866.0,867357.0,113575.0,0.1309437751698551,500464.0,521792.0,26420.0,0.05063320250214645
PBA50Plus_EIR/PBA50Plus_EIR_Alt2_Var4_v1,EIR Alt2,misc area types,GG,2050,3878167.0,4391962.0,562941.0,0.12817528931261246,2455760.0,2540659.0,125498.0,0.04939584572349143
PBA50Plus_EIR/PBA50Plus_EIR_Alt2_Var4_v1,EIR Alt2,misc area types,nonGG,2050,1557452.0,1900906.0,376692.0,0.19816445421288587,950785.0,1038642.0,94383.0,0.09087154187872241
PBA50Plus_EIR/PBA50Plus_EIR_Alt2_Var4_v1,EIR Alt2,misc area types,PBA50GG,2050,3357674.0,3749255.0,435103.0,0.11605052203704469,2282442.0,2361087.0,112682.0,0.0477246285291478
PBA50Plus_EIR/PBA50Plus_EIR_Alt2_Var4_v1,EIR Alt2,misc area types,PBA50nonGG,2050,2077945.0,2543613.0,504530.0,0.19835171466728627,1124103.0,1218214.0,107199.0,0.08799685441145809
PBA50Plus_EIR/PBA50Plus_EIR_Alt2_Var4_v1,EIR Alt2,misc area types,GG_nonPDA,2050,1164763.0,1369674.0,216814.0,0.15829606169059207,617440.0,646890.0,40221.0,0.062175949543199
PBA50Plus_EIR/PBA50Plus_EIR_Alt2_Var4_v1,EIR Alt2,misc area types,PDA,2050,2713404.0,3022288.0,346127.0,0.11452482357736919,1838320.0,1893769.0,85277.0,0.045030307286685965
PBA50Plus_EIR/PBA50Plus_EIR_Alt2_Var4_v1,EIR Alt2,misc area types,EPC_18,2050,1429521.0,1624127.0,213235.0,0.1312920726026967,923671.0,960507.0,50153.0,0.052215132216631426
PBA50Plus_EIR/PBA50Plus_EIR_Alt2_Var4_v1,EIR Alt2,misc area types,nonEPC_18,2050,4006098.0,4668741.0,726398.0,0.1555875556172424,2482874.0,2618794.0,169728.0,0.0648115124748262
PBA50Plus_EIR/PBA50Plus_EIR_Alt2_Var4_v1,EIR Alt2,misc area types,EPC_22,2050,1208475.0,1385581.0,193081.0,0.13935020760244257,761630.0,793834.0,41833.0,0.05269741532864554
PBA50Plus_EIR/PBA50Plus_EIR_Alt2_Var4_v1,EIR Alt2,misc area types,nonEPC_22,2050,4227144.0,4907287.0,746552.0,0.15213131002935024,2644915.0,2785467.0,178048.0,0.0639203408261523
PBA50Plus_EIR/PBA50Plus_EIR_Alt2_Var4_v1,EIR Alt2,misc area types,PPA,2050,337290.0,422618.0,87067.0,0.20601820083384995,77639.0,74231.0,3905.0,0.05260605407444329
PBA50Plus_EIR/PBA50Plus_EIR_Alt2_Var4_v1,EIR Alt2,misc area types,Region,2050,5435619.0,6292868.0,939633.0,0.14931713171164562,3406545.0,3579301.0,219881.0,0.061431268283947064
PBA50Plus_EIR/PBA50Plus_EIR_Alt2_Var4_v1,EIR Alt2,misc area types,TOC,2050,2449834.0,2722957.0,309335.0,0.11360260187729737,1711536.0,1754252.0,71710.0,0.04087782143044443
PBA50Plus_EIR/PBA50Plus_EIR_Alt2_Var4_v1,EIR Alt2,misc area types,nonTOC,2050,2985785.0,3569911.0,630298.0,0.17655846322219237,1695009.0,1825049.0,148171.0,0.08118740921476629
